admin0,scenario,year,AAD,PMD_10,PMD_25,PMD_50,PMD_100,PMD_250
ABW,current,2020.0,0.0,0.0,0.0,0.0,0.0,0.0
ABW,medium,2050,0.0,0.0,0.0,0.0,0.0,0.0
ABW,medium,2100,0.0,0.0,0.0,0.0,0.0,0.0
ABW,optimistic,2050,0.0,0.0,0.0,0.0,0.0,0.0
ABW,optimistic,2100,0.0,0.0,0.0,0.0,0.0,0.0
ABW,pessimistic,2050,0.0,0.0,0.0,0.0,0.0,0.0
ABW,pessimistic,2100,0.0,0.0,0.0,0.0,0.0,0.0
AFG,current,2020.0,0.0,0.0,0.0,0.0,0.0,0.0
AFG,medium,2050,0.0,0.0,0.0,0.0,0.0,0.0
AFG,medium,2100,0.0,0.0,0.0,0.0,0.0,0.0
AFG,optimistic,2050,0.0,0.0,0.0,0.0,0.0,0.0
AFG,optimistic,2100,0.0,0.0,0.0,0.0,0.0,0.0
AFG,pessimistic,2050,0.0,0.0,0.0,0.0,0.0,0.0
AFG,pessimistic,2100,0.0,0.0,0.0,0.0,0.0,0.0
AGO,current,2020.0,0.0,0.0,0.0,0.0,0.0,0.0
AGO,medium,2050,0.0,0.0,0.0,0.0,0.0,0.0
AGO,medium,2100,0.0,0.0,0.0,0.0,0.0,0.0
AGO,optimistic,2050,0.0,0.0,0.0,0.0,0.0,0.0
AGO,optimistic,2100,0.0,0.0,0.0,0.0,0.0,0.0
AGO,pessimistic,2050,0.0,0.0,0.0,0.0,0.0,0.0
AGO,pessimistic,2100,0.0,0.0,0.0,0.0,0.0,0.0
AIA,current,2020.0,4.417872738086698,0.0,0.0,0.0,0.0,0.0
AIA,medium,2050,4.417872738086698,0.0,0.0,0.0,0.0,0.0
AIA,medium,2100,4.417872738086698,0.0,0.0,0.0,0.0,0.0
AIA,optimistic,2050,4.417872738086698,0.0,0.0,0.0,0.0,0.0
AIA,optimistic,2100,4.417872738086698,0.0,0.0,0.0,0.0,0.0
AIA,pessimistic,2050,4.417872738086698,0.0,0.0,0.0,0.0,0.0
AIA,pessimistic,2100,4.625209142967117,0.0,0.0,0.0,0.0,0.0
ALA,current,2020,,,,,,
ALA,medium,2050,,,,,,
ALA,medium,2100,,,,,,
ALA,optimistic,2050,,,,,,
ALA,optimistic,2100,,,,,,
ALA,pessimistic,2050,,,,,,
ALA,pessimistic,2100,,,,,,
ALB,current,2020,,,,,,
ALB,medium,2050,,,,,,
ALB,medium,2100,,,,,,
ALB,optimistic,2050,,,,,,
ALB,optimistic,2100,,,,,,
ALB,pessimistic,2050,,,,,,
ALB,pessimistic,2100,,,,,,
AND,current,2020.0,0.0,0.0,0.0,0.0,0.0,0.0
AND,medium,2050,0.0,0.0,0.0,0.0,0.0,0.0
AND,medium,2100,0.0,0.0,0.0,0.0,0.0,0.0
AND,optimistic,2050,0.0,0.0,0.0,0.0,0.0,0.0
AND,optimistic,2100,0.0,0.0,0.0,0.0,0.0,0.0
AND,pessimistic,2050,0.0,0.0,0.0,0.0,0.0,0.0
AND,pessimistic,2100,0.0,0.0,0.0,0.0,0.0,0.0
ARE,current,2020.0,20.413615882593344,0.0,0.0,0.0,0.0,0.0
ARE,medium,2050,20.413615882593344,0.0,0.0,0.0,0.0,0.0
ARE,medium,2100,20.413615882593344,0.0,0.0,0.0,0.0,0.0
ARE,optimistic,2050,20.413615882593344,0.0,0.0,0.0,0.0,0.0
ARE,optimistic,2100,20.413615882593344,0.0,0.0,0.0,0.0,0.0
ARE,pessimistic,2050,20.413615882593344,0.0,0.0,0.0,0.0,0.0
ARE,pessimistic,2100,20.413615882593344,0.0,0.0,0.0,0.0,0.0
ARG,current,2020,,,,,,
ARG,medium,2050,,,,,,
ARG,medium,2100,,,,,,
ARG,optimistic,2050,,,,,,
ARG,optimistic,2100,,,,,,
ARG,pessimistic,2050,,,,,,
ARG,pessimistic,2100,,,,,,
ARM,current,2020,,,,,,
ARM,medium,2050,,,,,,
ARM,medium,2100,,,,,,
ARM,optimistic,2050,,,,,,
ARM,optimistic,2100,,,,,,
ARM,pessimistic,2050,,,,,,
ARM,pessimistic,2100,,,,,,
ASM,current,2020.0,0.0,0.0,0.0,0.0,0.0,0.0
ASM,medium,2050,0.2645813806412951,0.0,0.0,0.0,0.0,0.0
ASM,medium,2100,21.45805443059217,0.0,0.0,0.0,0.0,0.0
ASM,optimistic,2050,0.0,0.0,0.0,0.0,0.0,0.0
ASM,optimistic,2100,0.454950620179125,0.0,0.0,0.0,0.0,0.0
ASM,pessimistic,2050,1.3854779097718053,0.0,0.0,0.0,0.0,0.0
ASM,pessimistic,2100,0.0,0.0,0.0,0.0,0.0,0.0
ATF,current,2020,,,,,,
ATF,medium,2050,,,,,,
ATF,medium,2100,,,,,,
ATF,optimistic,2050,,,,,,
ATF,optimistic,2100,,,,,,
ATF,pessimistic,2050,,,,,,
ATF,pessimistic,2100,,,,,,
ATG,current,2020.0,0.0462248148428069,0.0,0.0,0.0,0.0,0.0
ATG,medium,2050,0.0462248148428069,0.0,0.0,0.0,0.0,0.0
ATG,medium,2100,0.0462248148428069,0.0,0.0,0.0,0.0,0.0
ATG,optimistic,2050,0.0462248148428069,0.0,0.0,0.0,0.0,0.0
ATG,optimistic,2100,0.0462248148428069,0.0,0.0,0.0,0.0,0.0
ATG,pessimistic,2050,0.0462248148428069,0.0,0.0,0.0,0.0,0.0
ATG,pessimistic,2100,0.0462248148428069,0.0,0.0,0.0,0.0,0.0
AUS,current,2020.0,56.98333271400952,0.0,0.0,27.807893860493035,1311.9222344430666,4397.680919451481
AUS,medium,2050,28.40261444445042,14.658448799838206,-85.25830541734047,-914.1025234549736,3310.8061738215138,5356.150270121752
AUS,medium,2100,1263.9049893320955,594.9048239089187,3972.268980918037,10138.283838779833,36944.333249894014,79890.95477178028
AUS,optimistic,2050,130.94912324157798,25.36337052355444,330.0451209382518,72.1399933923339,11981.206005640986,32538.77518492397
AUS,optimistic,2100,555.4152990023398,151.30130810162927,1606.736594076845,3546.4394908971435,18883.34070119654,82793.49381743453
AUS,pessimistic,2050,365.422653537732,226.91830774499928,392.8894783998068,3195.310782221794,8575.102837621696,47135.78125811402
AUS,pessimistic,2100,698.5040250664456,1386.4399760228068,2863.195645700764,8182.036674730908,29847.536023303084,74241.618682311
AUT,current,2020,,,,,,
AUT,medium,2050,,,,,,
AUT,medium,2100,,,,,,
AUT,optimistic,2050,,,,,,
AUT,optimistic,2100,,,,,,
AUT,pessimistic,2050,,,,,,
AUT,pessimistic,2100,,,,,,
AZE,current,2020,,,,,,
AZE,medium,2050,,,,,,
AZE,medium,2100,,,,,,
AZE,optimistic,2050,,,,,,
AZE,optimistic,2100,,,,,,
AZE,pessimistic,2050,,,,,,
AZE,pessimistic,2100,,,,,,
BDI,current,2020,,,,,,
BDI,medium,2050,,,,,,
BDI,medium,2100,,,,,,
BDI,optimistic,2050,,,,,,
BDI,optimistic,2100,,,,,,
BDI,pessimistic,2050,,,,,,
BDI,pessimistic,2100,,,,,,
BEL,current,2020.0,0.0,0.0,0.0,0.0,0.0,0.0
BEL,medium,2050,0.0,0.0,0.0,0.0,0.0,0.0
BEL,medium,2100,0.0,0.0,0.0,0.0,0.0,0.0
BEL,optimistic,2050,0.0,0.0,0.0,0.0,0.0,0.0
BEL,optimistic,2100,0.0,0.0,0.0,0.0,0.0,0.0
BEL,pessimistic,2050,0.0,0.0,0.0,0.0,0.0,0.0
BEL,pessimistic,2100,0.0,0.0,0.0,0.0,0.0,0.0
BEN,current,2020.0,0.0,0.0,0.0,0.0,0.0,0.0
BEN,medium,2050,0.0,0.0,0.0,0.0,0.0,0.0
BEN,medium,2100,0.0,0.0,0.0,0.0,0.0,0.0
BEN,optimistic,2050,0.0,0.0,0.0,0.0,0.0,0.0
BEN,optimistic,2100,0.0,0.0,0.0,0.0,0.0,0.0
BEN,pessimistic,2050,0.0,0.0,0.0,0.0,0.0,0.0
BEN,pessimistic,2100,0.0,0.0,0.0,0.0,0.0,0.0
BES,current,2020,,,,,,
BES,medium,2050,,,,,,
BES,medium,2100,,,,,,
BES,optimistic,2050,,,,,,
BES,optimistic,2100,,,,,,
BES,pessimistic,2050,,,,,,
BES,pessimistic,2100,,,,,,
BFA,current,2020,,,,,,
BFA,medium,2050,,,,,,
BFA,medium,2100,,,,,,
BFA,optimistic,2050,,,,,,
BFA,optimistic,2100,,,,,,
BFA,pessimistic,2050,,,,,,
BFA,pessimistic,2100,,,,,,
BGD,current,2020.0,97.2372969463678,0.0,0.0,0.0,0.0,0.0
BGD,medium,2050,1892.4410486204235,0.0,0.0,0.0,0.0,17142.366704029257
BGD,medium,2100,896.3168855988903,0.0,0.0,0.0,0.0,20037.605043936062
BGD,optimistic,2050,2456.42721617366,0.0,0.0,0.0,0.0,6274.701747537256
BGD,optimistic,2100,1222.1428399570646,0.0,0.0,0.0,0.0,4772.268465106438
BGD,pessimistic,2050,951.836629640475,0.0,0.0,0.0,0.0,4485.043601396207
BGD,pessimistic,2100,11675.445040945966,0.0,0.0,0.0,11033.225229735584,383223.60883652937
BGR,current,2020,,,,,,
BGR,medium,2050,,,,,,
BGR,medium,2100,,,,,,
BGR,optimistic,2050,,,,,,
BGR,optimistic,2100,,,,,,
BGR,pessimistic,2050,,,,,,
BGR,pessimistic,2100,,,,,,
BHR,current,2020.0,0.0,0.0,0.0,0.0,0.0,0.0
BHR,medium,2050,0.0,0.0,0.0,0.0,0.0,0.0
BHR,medium,2100,0.0,0.0,0.0,0.0,0.0,0.0
BHR,optimistic,2050,0.0,0.0,0.0,0.0,0.0,0.0
BHR,optimistic,2100,0.0,0.0,0.0,0.0,0.0,0.0
BHR,pessimistic,2050,0.0,0.0,0.0,0.0,0.0,0.0
BHR,pessimistic,2100,0.0,0.0,0.0,0.0,0.0,0.0
BHS,current,2020.0,0.3286596539414368,0.0,0.0,0.0,0.0,0.0
BHS,medium,2050,55.902640988042215,0.0,0.0,0.0,0.0,31.01351398411432
BHS,medium,2100,395.83369770223993,0.0,0.0,0.0,52.12973867887476,1738.896581271246
BHS,optimistic,2050,24.35608593073596,0.0,0.0,0.0,0.0,1033.153953943502
BHS,optimistic,2100,141.60054340658175,0.0,0.0,0.0,0.0,4553.748125808438
BHS,pessimistic,2050,28.526319708937653,0.0,0.0,0.0,28.80966373842155,4308.997165901244
BHS,pessimistic,2100,85.97497533040914,0.0,0.0,0.0,1140.0772619101567,5627.714188788935
BIH,current,2020,,,,,,
BIH,medium,2050,,,,,,
BIH,medium,2100,,,,,,
BIH,optimistic,2050,,,,,,
BIH,optimistic,2100,,,,,,
BIH,pessimistic,2050,,,,,,
BIH,pessimistic,2100,,,,,,
BLM,current,2020,,,,,,
BLM,medium,2050,,,,,,
BLM,medium,2100,,,,,,
BLM,optimistic,2050,,,,,,
BLM,optimistic,2100,,,,,,
BLM,pessimistic,2050,,,,,,
BLM,pessimistic,2100,,,,,,
BLR,current,2020,,,,,,
BLR,medium,2050,,,,,,
BLR,medium,2100,,,,,,
BLR,optimistic,2050,,,,,,
BLR,optimistic,2100,,,,,,
BLR,pessimistic,2050,,,,,,
BLR,pessimistic,2100,,,,,,
BLZ,current,2020.0,218.14911873481,0.0,0.0,0.0,0.0,0.0
BLZ,medium,2050,247.9095158679197,0.0,0.0,0.0,0.0,116.95879634199072
BLZ,medium,2100,218.14911873481,0.0,0.0,0.0,0.0,0.0
BLZ,optimistic,2050,278.9809510854153,0.0,0.0,0.0,0.0,4.946061756086189
BLZ,optimistic,2100,336.7357050387212,0.0,0.0,0.0,0.0,14.75085959961214
BLZ,pessimistic,2050,261.7802167723228,0.0,0.0,0.0,0.0,3488.408016868101
BLZ,pessimistic,2100,253.47087247144444,0.0,0.0,0.0,0.0,0.0
BMU,current,2020.0,0.0,0.0,0.0,0.0,0.0,0.0
BMU,medium,2050,0.0,0.0,0.0,0.0,0.0,0.0
BMU,medium,2100,0.0,0.0,0.0,0.0,0.0,0.0
BMU,optimistic,2050,0.0,0.0,0.0,0.0,0.0,0.0
BMU,optimistic,2100,0.0,0.0,0.0,0.0,0.0,0.0
BMU,pessimistic,2050,0.0,0.0,0.0,0.0,0.0,0.0
BMU,pessimistic,2100,0.0,0.0,0.0,0.0,0.0,0.0
BOL,current,2020,,,,,,
BOL,medium,2050,,,,,,
BOL,medium,2100,,,,,,
BOL,optimistic,2050,,,,,,
BOL,optimistic,2100,,,,,,
BOL,pessimistic,2050,,,,,,
BOL,pessimistic,2100,,,,,,
BRA,current,2020.0,0.0,0.0,0.0,0.0,0.0,0.0
BRA,medium,2050,0.0,0.0,0.0,0.0,0.0,0.0
BRA,medium,2100,0.0,0.0,0.0,0.0,0.0,0.0
BRA,optimistic,2050,0.0,0.0,0.0,0.0,0.0,0.0
BRA,optimistic,2100,0.0,0.0,0.0,0.0,0.0,0.0
BRA,pessimistic,2050,0.0,0.0,0.0,0.0,0.0,0.0
BRA,pessimistic,2100,0.0,0.0,0.0,0.0,0.0,0.0
BRB,current,2020.0,281.0262699048401,0.0,0.0,0.0,0.0,0.0
BRB,medium,2050,281.76052651002027,0.0,0.0,0.0,0.0,0.0
BRB,medium,2100,281.0262699048401,0.0,0.0,0.0,0.0,0.0
BRB,optimistic,2050,281.0262699048401,0.0,0.0,0.0,0.0,0.0
BRB,optimistic,2100,281.0262699048401,0.0,0.0,0.0,0.0,0.0
BRB,pessimistic,2050,428.5414367883477,0.0,0.0,0.0,0.0,0.0
BRB,pessimistic,2100,281.0262699048401,0.0,0.0,0.0,0.0,0.0
BRN,current,2020,,,,,,
BRN,medium,2050,,,,,,
BRN,medium,2100,,,,,,
BRN,optimistic,2050,,,,,,
BRN,optimistic,2100,,,,,,
BRN,pessimistic,2050,,,,,,
BRN,pessimistic,2100,,,,,,
BTN,current,2020,,,,,,
BTN,medium,2050,,,,,,
BTN,medium,2100,,,,,,
BTN,optimistic,2050,,,,,,
BTN,optimistic,2100,,,,,,
BTN,pessimistic,2050,,,,,,
BTN,pessimistic,2100,,,,,,
BWA,current,2020.0,0.0,0.0,0.0,0.0,0.0,0.0
BWA,medium,2050,0.0,0.0,0.0,0.0,0.0,0.0
BWA,medium,2100,0.0,0.0,0.0,0.0,0.0,0.0
BWA,optimistic,2050,0.0,0.0,0.0,0.0,0.0,0.0
BWA,optimistic,2100,0.0,0.0,0.0,0.0,0.0,0.0
BWA,pessimistic,2050,0.0,0.0,0.0,0.0,0.0,0.0
BWA,pessimistic,2100,0.0,0.0,0.0,0.0,0.0,0.0
CAF,current,2020,,,,,,
CAF,medium,2050,,,,,,
CAF,medium,2100,,,,,,
CAF,optimistic,2050,,,,,,
CAF,optimistic,2100,,,,,,
CAF,pessimistic,2050,,,,,,
CAF,pessimistic,2100,,,,,,
CAN,current,2020.0,0.4958106003424194,0.0,0.0,0.0,0.0,0.0
CAN,medium,2050,107.31697438071149,0.0,0.0,16.941252236162565,790.220565916049,9003.647740127975
CAN,medium,2100,97.88531496803525,0.0,0.0,212.1556796428397,1900.2750048476748,8595.484267871014
CAN,optimistic,2050,94.60841795954931,0.0,0.0,170.95366714925325,2967.1858803738523,4786.2749273859845
CAN,optimistic,2100,92.80489693932552,0.0,0.0,334.4771992904483,936.7996731158572,11007.424794222356
CAN,pessimistic,2050,107.60980331161312,0.0,0.0,100.42560378519488,1289.9073720398455,15666.436404554395
CAN,pessimistic,2100,271.77370642820586,0.0,38.72055689037023,3087.895438038798,9594.7190466233,16578.745419005285
CHE,current,2020.0,0.0,0.0,0.0,0.0,0.0,0.0
CHE,medium,2050,0.0,0.0,0.0,0.0,0.0,0.0
CHE,medium,2100,0.0,0.0,0.0,0.0,0.0,0.0
CHE,optimistic,2050,0.0,0.0,0.0,0.0,0.0,0.0
CHE,optimistic,2100,0.0,0.0,0.0,0.0,0.0,0.0
CHE,pessimistic,2050,0.0,0.0,0.0,0.0,0.0,0.0
CHE,pessimistic,2100,0.0,0.0,0.0,0.0,0.0,0.0
CHL,current,2020.0,0.0,0.0,0.0,0.0,0.0,0.0
CHL,medium,2050,0.0,0.0,0.0,0.0,0.0,0.0
CHL,medium,2100,0.0,0.0,0.0,0.0,0.0,0.0
CHL,optimistic,2050,0.0,0.0,0.0,0.0,0.0,0.0
CHL,optimistic,2100,0.0,0.0,0.0,0.0,0.0,0.0
CHL,pessimistic,2050,0.0,0.0,0.0,0.0,0.0,0.0
CHL,pessimistic,2100,0.0,0.0,0.0,0.0,0.0,0.0
CHN,current,2020.0,7300.799813209762,0.0,0.0,0.0,1552.0792335211793,384320.6513731277
CHN,medium,2050,48705.6341266471,0.0,104736.68117437312,718330.955891877,1243008.6203191455,1611218.0720213028
CHN,medium,2100,76023.89882440858,0.0,474586.83439165296,1171208.0107940217,2133526.968315709,4313947.154589849
CHN,optimistic,2050,19879.962636821983,0.0,7626.630265186139,20452.60704064074,1697982.6258444632,3917308.138498666
CHN,optimistic,2100,42384.96892854049,0.0,178306.48449202228,607724.6542907979,1032234.3198429904,2369776.180313213
CHN,pessimistic,2050,52772.31015870012,0.0,69589.05493433864,411166.4842469235,1287398.8753239138,2583150.235712456
CHN,pessimistic,2100,98465.57489772122,32651.375892612752,539985.1332685541,1384781.7089585578,2575317.976908195,5598244.264177948
CIV,current,2020.0,0.0,0.0,0.0,0.0,0.0,0.0
CIV,medium,2050,0.0,0.0,0.0,0.0,0.0,0.0
CIV,medium,2100,0.0,0.0,0.0,0.0,0.0,0.0
CIV,optimistic,2050,0.0,0.0,0.0,0.0,0.0,0.0
CIV,optimistic,2100,0.0,0.0,0.0,0.0,0.0,0.0
CIV,pessimistic,2050,0.0,0.0,0.0,0.0,0.0,0.0
CIV,pessimistic,2100,0.0,0.0,0.0,0.0,0.0,0.0
CMR,current,2020.0,0.0,0.0,0.0,0.0,0.0,0.0
CMR,medium,2050,0.0,0.0,0.0,0.0,0.0,0.0
CMR,medium,2100,0.0,0.0,0.0,0.0,0.0,0.0
CMR,optimistic,2050,0.0,0.0,0.0,0.0,0.0,0.0
CMR,optimistic,2100,0.0,0.0,0.0,0.0,0.0,0.0
CMR,pessimistic,2050,0.0,0.0,0.0,0.0,0.0,0.0
CMR,pessimistic,2100,0.0,0.0,0.0,0.0,0.0,0.0
COD,current,2020,,,,,,
COD,medium,2050,,,,,,
COD,medium,2100,,,,,,
COD,optimistic,2050,,,,,,
COD,optimistic,2100,,,,,,
COD,pessimistic,2050,,,,,,
COD,pessimistic,2100,,,,,,
COG,current,2020,,,,,,
COG,medium,2050,,,,,,
COG,medium,2100,,,,,,
COG,optimistic,2050,,,,,,
COG,optimistic,2100,,,,,,
COG,pessimistic,2050,,,,,,
COG,pessimistic,2100,,,,,,
COK,current,2020,,,,,,
COK,medium,2050,,,,,,
COK,medium,2100,,,,,,
COK,optimistic,2050,,,,,,
COK,optimistic,2100,,,,,,
COK,pessimistic,2050,,,,,,
COK,pessimistic,2100,,,,,,
COL,current,2020.0,0.0,0.0,0.0,0.0,0.0,0.0
COL,medium,2050,0.0,0.0,0.0,0.0,0.0,0.0
COL,medium,2100,0.0,0.0,0.0,0.0,0.0,0.0
COL,optimistic,2050,0.0,0.0,0.0,0.0,0.0,0.0
COL,optimistic,2100,0.0,0.0,0.0,0.0,0.0,0.0
COL,pessimistic,2050,0.0,0.0,0.0,0.0,0.0,0.0
COL,pessimistic,2100,0.0,0.0,0.0,0.0,0.0,0.0
COM,current,2020,,,,,,
COM,medium,2050,,,,,,
COM,medium,2100,,,,,,
COM,optimistic,2050,,,,,,
COM,optimistic,2100,,,,,,
COM,pessimistic,2050,,,,,,
COM,pessimistic,2100,,,,,,
CPV,current,2020.0,0.0,0.0,0.0,0.0,0.0,0.0
CPV,medium,2050,0.0,0.0,0.0,0.0,0.0,0.0
CPV,medium,2100,0.0,0.0,0.0,0.0,0.0,0.0
CPV,optimistic,2050,0.0,0.0,0.0,0.0,0.0,0.0
CPV,optimistic,2100,0.0,0.0,0.0,0.0,0.0,0.0
CPV,pessimistic,2050,0.0,0.0,0.0,0.0,0.0,0.0
CPV,pessimistic,2100,0.0,0.0,0.0,0.0,0.0,0.0
CRI,current,2020,,,,,,
CRI,medium,2050,,,,,,
CRI,medium,2100,,,,,,
CRI,optimistic,2050,,,,,,
CRI,optimistic,2100,,,,,,
CRI,pessimistic,2050,,,,,,
CRI,pessimistic,2100,,,,,,
CUB,current,2020.0,894.9722205522653,0.0,0.0,0.0,5.023397767983119,64116.28005635566
CUB,medium,2050,1037.359379064298,0.0,0.0,0.0,2788.586408312119,83881.24858342556
CUB,medium,2100,1273.4806233367815,0.0,0.0,0.0,5.023397767983119,89171.25314616557
CUB,optimistic,2050,1008.339305640263,0.0,0.0,0.0,5.023397767983119,64798.36922590149
CUB,optimistic,2100,1204.5449539894266,0.0,0.0,0.0,5.966793356033013,101418.02195540923
CUB,pessimistic,2050,1088.156464566926,0.0,0.0,46.191863745763655,4791.77407593823,142546.02460689365
CUB,pessimistic,2100,895.3132775447579,0.0,0.0,0.0,5.023397767983119,64116.28005635566
CUW,current,2020.0,0.0,0.0,0.0,0.0,0.0,0.0
CUW,medium,2050,0.0,0.0,0.0,0.0,0.0,0.0
CUW,medium,2100,0.0,0.0,0.0,0.0,0.0,0.0
CUW,optimistic,2050,0.0,0.0,0.0,0.0,0.0,0.0
CUW,optimistic,2100,0.0,0.0,0.0,0.0,0.0,0.0
CUW,pessimistic,2050,0.0,0.0,0.0,0.0,0.0,0.0
CUW,pessimistic,2100,0.0,0.0,0.0,0.0,0.0,0.0
CYM,current,2020.0,63.58881927362799,0.0,0.0,0.0,0.0,0.0
CYM,medium,2050,63.58881927362799,0.0,0.0,0.0,0.0,0.0
CYM,medium,2100,64.02227854482557,0.0,0.0,0.0,0.0,0.0
CYM,optimistic,2050,63.58881927362799,0.0,0.0,0.0,0.0,0.0
CYM,optimistic,2100,63.789119840628,0.0,0.0,0.0,0.0,0.0
CYM,pessimistic,2050,63.58881927362799,0.0,0.0,0.0,0.0,0.0
CYM,pessimistic,2100,63.58881927362799,0.0,0.0,0.0,0.0,0.0
CYP,current,2020,,,,,,
CYP,medium,2050,,,,,,
CYP,medium,2100,,,,,,
CYP,optimistic,2050,,,,,,
CYP,optimistic,2100,,,,,,
CYP,pessimistic,2050,,,,,,
CYP,pessimistic,2100,,,,,,
CZE,current,2020,,,,,,
CZE,medium,2050,,,,,,
CZE,medium,2100,,,,,,
CZE,optimistic,2050,,,,,,
CZE,optimistic,2100,,,,,,
CZE,pessimistic,2050,,,,,,
CZE,pessimistic,2100,,,,,,
DEU,current,2020.0,0.0,0.0,0.0,0.0,0.0,0.0
DEU,medium,2050,0.0,0.0,0.0,0.0,0.0,0.0
DEU,medium,2100,0.0,0.0,0.0,0.0,0.0,0.0
DEU,optimistic,2050,0.0,0.0,0.0,0.0,0.0,0.0
DEU,optimistic,2100,0.0,0.0,0.0,0.0,0.0,0.0
DEU,pessimistic,2050,0.0,0.0,0.0,0.0,0.0,0.0
DEU,pessimistic,2100,0.0,0.0,0.0,0.0,0.0,0.0
DJI,current,2020,,,,,,
DJI,medium,2050,,,,,,
DJI,medium,2100,,,,,,
DJI,optimistic,2050,,,,,,
DJI,optimistic,2100,,,,,,
DJI,pessimistic,2050,,,,,,
DJI,pessimistic,2100,,,,,,
DMA,current,2020.0,12.988735989518911,0.0,0.0,0.0,0.0,0.0
DMA,medium,2050,12.988735989518911,0.0,0.0,0.0,0.0,0.0
DMA,medium,2100,12.988735989518911,0.0,0.0,0.0,0.0,0.0
DMA,optimistic,2050,12.988735989518911,0.0,0.0,0.0,0.0,0.0
DMA,optimistic,2100,12.988735989518911,0.0,0.0,0.0,0.0,0.0
DMA,pessimistic,2050,12.988735989518911,0.0,0.0,0.0,0.0,0.0
DMA,pessimistic,2100,12.988735989518911,0.0,0.0,0.0,0.0,0.0
DNK,current,2020,,,,,,
DNK,medium,2050,,,,,,
DNK,medium,2100,,,,,,
DNK,optimistic,2050,,,,,,
DNK,optimistic,2100,,,,,,
DNK,pessimistic,2050,,,,,,
DNK,pessimistic,2100,,,,,,
DOM,current,2020,,,,,,
DOM,medium,2050,,,,,,
DOM,medium,2100,,,,,,
DOM,optimistic,2050,,,,,,
DOM,optimistic,2100,,,,,,
DOM,pessimistic,2050,,,,,,
DOM,pessimistic,2100,,,,,,
DZA,current,2020,,,,,,
DZA,medium,2050,,,,,,
DZA,medium,2100,,,,,,
DZA,optimistic,2050,,,,,,
DZA,optimistic,2100,,,,,,
DZA,pessimistic,2050,,,,,,
DZA,pessimistic,2100,,,,,,
ECU,current,2020,,,,,,
ECU,medium,2050,,,,,,
ECU,medium,2100,,,,,,
ECU,optimistic,2050,,,,,,
ECU,optimistic,2100,,,,,,
ECU,pessimistic,2050,,,,,,
ECU,pessimistic,2100,,,,,,
EGY,current,2020.0,0.0,0.0,0.0,0.0,0.0,0.0
EGY,medium,2050,0.0,0.0,0.0,0.0,0.0,0.0
EGY,medium,2100,0.0,0.0,0.0,0.0,0.0,0.0
EGY,optimistic,2050,0.0,0.0,0.0,0.0,0.0,0.0
EGY,optimistic,2100,0.0,0.0,0.0,0.0,0.0,0.0
EGY,pessimistic,2050,0.0,0.0,0.0,0.0,0.0,0.0
EGY,pessimistic,2100,0.0,0.0,0.0,0.0,0.0,0.0
ERI,current,2020.0,0.0,0.0,0.0,0.0,0.0,0.0
ERI,medium,2050,0.0,0.0,0.0,0.0,0.0,0.0
ERI,medium,2100,0.0,0.0,0.0,0.0,0.0,0.0
ERI,optimistic,2050,0.0,0.0,0.0,0.0,0.0,0.0
ERI,optimistic,2100,0.0,0.0,0.0,0.0,0.0,0.0
ERI,pessimistic,2050,0.0,0.0,0.0,0.0,0.0,0.0
ERI,pessimistic,2100,0.0,0.0,0.0,0.0,0.0,0.0
ESH,current,2020,,,,,,
ESH,medium,2050,,,,,,
ESH,medium,2100,,,,,,
ESH,optimistic,2050,,,,,,
ESH,optimistic,2100,,,,,,
ESH,pessimistic,2050,,,,,,
ESH,pessimistic,2100,,,,,,
ESP,current,2020.0,0.0,0.0,0.0,0.0,0.0,0.0
ESP,medium,2050,0.0,0.0,0.0,0.0,0.0,0.0
ESP,medium,2100,0.0,0.0,0.0,0.0,0.0,0.0
ESP,optimistic,2050,0.0,0.0,0.0,0.0,0.0,0.0
ESP,optimistic,2100,0.0,0.0,0.0,0.0,0.0,0.0
ESP,pessimistic,2050,0.0,0.0,0.0,0.0,0.0,0.0
ESP,pessimistic,2100,0.0,0.0,0.0,0.0,0.0,0.0
EST,current,2020,,,,,,
EST,medium,2050,,,,,,
EST,medium,2100,,,,,,
EST,optimistic,2050,,,,,,
EST,optimistic,2100,,,,,,
EST,pessimistic,2050,,,,,,
EST,pessimistic,2100,,,,,,
ETH,current,2020.0,0.0,0.0,0.0,0.0,0.0,0.0
ETH,medium,2050,0.0,0.0,0.0,0.0,0.0,0.0
ETH,medium,2100,0.0,0.0,0.0,0.0,0.0,0.0
ETH,optimistic,2050,0.0,0.0,0.0,0.0,0.0,0.0
ETH,optimistic,2100,0.0,0.0,0.0,0.0,0.0,0.0
ETH,pessimistic,2050,0.0,0.0,0.0,0.0,0.0,0.0
ETH,pessimistic,2100,0.0,0.0,0.0,0.0,0.0,0.0
FIN,current,2020,,,,,,
FIN,medium,2050,,,,,,
FIN,medium,2100,,,,,,
FIN,optimistic,2050,,,,,,
FIN,optimistic,2100,,,,,,
FIN,pessimistic,2050,,,,,,
FIN,pessimistic,2100,,,,,,
FJI,current,2020.0,67.15237797365022,0.0,0.0,0.0,0.0,35.56637816576503
FJI,medium,2050,1630.8935826624695,0.0,0.0,329.4091486957764,18161.69017792972,110302.2251575538
FJI,medium,2100,2034.386144723114,0.0,0.0,1345.5291255393606,32111.320918199835,150892.52118078512
FJI,optimistic,2050,275.1478127575175,0.0,0.0,0.0,723.0812969591195,22029.19106332818
FJI,optimistic,2100,802.796795110604,0.0,0.0,0.0,4718.968830160771,40371.09803001152
FJI,pessimistic,2050,406.1221393886231,0.0,0.0,2245.3909759504454,0.0,15319.47674404073
FJI,pessimistic,2100,640.5727181187151,0.0,0.0,3.6470072330762378,4.930522048984912,19651.328513345645
FRA,current,2020,,,,,,
FRA,medium,2050,,,,,,
FRA,medium,2100,,,,,,
FRA,optimistic,2050,,,,,,
FRA,optimistic,2100,,,,,,
FRA,pessimistic,2050,,,,,,
FRA,pessimistic,2100,,,,,,
FRO,current,2020.0,0.0,0.0,0.0,0.0,0.0,0.0
FRO,medium,2050,0.0,0.0,0.0,0.0,0.0,0.0
FRO,medium,2100,0.0,0.0,0.0,0.0,0.0,0.0
FRO,optimistic,2050,0.0,0.0,0.0,0.0,0.0,0.0
FRO,optimistic,2100,0.0,0.0,0.0,0.0,0.0,0.0
FRO,pessimistic,2050,0.0,0.0,0.0,0.0,0.0,0.0
FRO,pessimistic,2100,0.0,0.0,0.0,0.0,0.0,0.0
FSM,current,2020,,,,,,
FSM,medium,2050,,,,,,
FSM,medium,2100,,,,,,
FSM,optimistic,2050,,,,,,
FSM,optimistic,2100,,,,,,
FSM,pessimistic,2050,,,,,,
FSM,pessimistic,2100,,,,,,
GAB,current,2020.0,0.0,0.0,0.0,0.0,0.0,0.0
GAB,medium,2050,0.0,0.0,0.0,0.0,0.0,0.0
GAB,medium,2100,0.0,0.0,0.0,0.0,0.0,0.0
GAB,optimistic,2050,0.0,0.0,0.0,0.0,0.0,0.0
GAB,optimistic,2100,0.0,0.0,0.0,0.0,0.0,0.0
GAB,pessimistic,2050,0.0,0.0,0.0,0.0,0.0,0.0
GAB,pessimistic,2100,0.0,0.0,0.0,0.0,0.0,0.0
GBR,current,2020,,,,,,
GBR,medium,2050,,,,,,
GBR,medium,2100,,,,,,
GBR,optimistic,2050,,,,,,
GBR,optimistic,2100,,,,,,
GBR,pessimistic,2050,,,,,,
GBR,pessimistic,2100,,,,,,
GEO,current,2020,,,,,,
GEO,medium,2050,,,,,,
GEO,medium,2100,,,,,,
GEO,optimistic,2050,,,,,,
GEO,optimistic,2100,,,,,,
GEO,pessimistic,2050,,,,,,
GEO,pessimistic,2100,,,,,,
GGY,current,2020,,,,,,
GGY,medium,2050,,,,,,
GGY,medium,2100,,,,,,
GGY,optimistic,2050,,,,,,
GGY,optimistic,2100,,,,,,
GGY,pessimistic,2050,,,,,,
GGY,pessimistic,2100,,,,,,
GHA,current,2020,,,,,,
GHA,medium,2050,,,,,,
GHA,medium,2100,,,,,,
GHA,optimistic,2050,,,,,,
GHA,optimistic,2100,,,,,,
GHA,pessimistic,2050,,,,,,
GHA,pessimistic,2100,,,,,,
GIN,current,2020,,,,,,
GIN,medium,2050,,,,,,
GIN,medium,2100,,,,,,
GIN,optimistic,2050,,,,,,
GIN,optimistic,2100,,,,,,
GIN,pessimistic,2050,,,,,,
GIN,pessimistic,2100,,,,,,
GLP,current,2020,,,,,,
GLP,medium,2050,,,,,,
GLP,medium,2100,,,,,,
GLP,optimistic,2050,,,,,,
GLP,optimistic,2100,,,,,,
GLP,pessimistic,2050,,,,,,
GLP,pessimistic,2100,,,,,,
GMB,current,2020.0,0.0,0.0,0.0,0.0,0.0,0.0
GMB,medium,2050,0.0,0.0,0.0,0.0,0.0,0.0
GMB,medium,2100,0.0,0.0,0.0,0.0,0.0,0.0
GMB,optimistic,2050,0.0,0.0,0.0,0.0,0.0,0.0
GMB,optimistic,2100,0.0,0.0,0.0,0.0,0.0,0.0
GMB,pessimistic,2050,0.0,0.0,0.0,0.0,0.0,0.0
GMB,pessimistic,2100,0.0,0.0,0.0,0.0,0.0,0.0
GNB,current,2020,,,,,,
GNB,medium,2050,,,,,,
GNB,medium,2100,,,,,,
GNB,optimistic,2050,,,,,,
GNB,optimistic,2100,,,,,,
GNB,pessimistic,2050,,,,,,
GNB,pessimistic,2100,,,,,,
GNQ,current,2020,,,,,,
GNQ,medium,2050,,,,,,
GNQ,medium,2100,,,,,,
GNQ,optimistic,2050,,,,,,
GNQ,optimistic,2100,,,,,,
GNQ,pessimistic,2050,,,,,,
GNQ,pessimistic,2100,,,,,,
GRC,current,2020,,,,,,
GRC,medium,2050,,,,,,
GRC,medium,2100,,,,,,
GRC,optimistic,2050,,,,,,
GRC,optimistic,2100,,,,,,
GRC,pessimistic,2050,,,,,,
GRC,pessimistic,2100,,,,,,
GRD,current,2020.0,69.5984392462514,0.0,0.0,0.0,0.0,0.0
GRD,medium,2050,69.5984392462514,0.0,0.0,0.0,0.0,0.0
GRD,medium,2100,69.5984392462514,0.0,0.0,0.0,0.0,0.0
GRD,optimistic,2050,69.5984392462514,0.0,0.0,0.0,0.0,0.0
GRD,optimistic,2100,69.5984392462514,0.0,0.0,0.0,0.0,0.0
GRD,pessimistic,2050,71.29220085287281,0.0,0.0,0.0,0.0,0.0
GRD,pessimistic,2100,79.8436388448767,0.0,0.0,0.0,0.0,0.0
GRL,current,2020.0,0.0,0.0,0.0,0.0,0.0,0.0
GRL,medium,2050,0.0,0.0,0.0,0.0,0.0,0.0
GRL,medium,2100,0.0,0.0,0.0,0.0,0.0,0.0
GRL,optimistic,2050,0.0,0.0,0.0,0.0,0.0,0.0
GRL,optimistic,2100,0.0,0.0,0.0,0.0,0.0,0.0
GRL,pessimistic,2050,0.0,0.0,0.0,0.0,0.0,0.0
GRL,pessimistic,2100,0.0,0.0,0.0,0.0,0.0,0.0
GTM,current,2020.0,3.852506645672257,0.0,0.0,0.0,0.0,0.0
GTM,medium,2050,3.852506645672257,0.0,0.0,0.0,0.0,0.0
GTM,medium,2100,3.852506645672257,0.0,0.0,0.0,0.0,0.0
GTM,optimistic,2050,3.852506645672257,0.0,0.0,0.0,0.0,0.0
GTM,optimistic,2100,3.864938507120356,0.0,0.0,0.0,0.0,0.0
GTM,pessimistic,2050,3.852506645672257,0.0,0.0,0.0,0.0,0.0
GTM,pessimistic,2100,7.40866172761912,0.0,0.0,0.0,0.0,0.0
GUF,current,2020,,,,,,
GUF,medium,2050,,,,,,
GUF,medium,2100,,,,,,
GUF,optimistic,2050,,,,,,
GUF,optimistic,2100,,,,,,
GUF,pessimistic,2050,,,,,,
GUF,pessimistic,2100,,,,,,
GUM,current,2020,,,,,,
GUM,medium,2050,,,,,,
GUM,medium,2100,,,,,,
GUM,optimistic,2050,,,,,,
GUM,optimistic,2100,,,,,,
GUM,pessimistic,2050,,,,,,
GUM,pessimistic,2100,,,,,,
GUY,current,2020,,,,,,
GUY,medium,2050,,,,,,
GUY,medium,2100,,,,,,
GUY,optimistic,2050,,,,,,
GUY,optimistic,2100,,,,,,
GUY,pessimistic,2050,,,,,,
GUY,pessimistic,2100,,,,,,
HND,current,2020.0,255.93799840296,0.0,0.0,0.0,0.0,1659.3293541427329
HND,medium,2050,267.856969512758,0.0,0.0,0.0,0.0,1659.3293541427329
HND,medium,2100,260.2551876049936,0.0,0.0,0.0,0.0,1659.3293541427329
HND,optimistic,2050,355.40466077262977,0.0,0.0,0.0,0.0,2778.1321137002888
HND,optimistic,2100,251.10023174994168,0.0,0.0,0.0,0.0,1659.3293541427329
HND,pessimistic,2050,264.8800935595572,0.0,0.0,0.0,0.0,2810.377315207183
HND,pessimistic,2100,248.5210700380113,0.0,0.0,0.0,0.0,1659.3293541427329
HRV,current,2020,,,,,,
HRV,medium,2050,,,,,,
HRV,medium,2100,,,,,,
HRV,optimistic,2050,,,,,,
HRV,optimistic,2100,,,,,,
HRV,pessimistic,2050,,,,,,
HRV,pessimistic,2100,,,,,,
HTI,current,2020.0,2579.3788337531573,0.0,0.0,0.0,0.0,100925.21846730183
HTI,medium,2050,2579.3788337531573,0.0,0.0,0.0,0.0,100925.21846730183
HTI,medium,2100,2579.3788337531573,0.0,0.0,0.0,0.0,100925.21846730183
HTI,optimistic,2050,2952.116110734204,0.0,0.0,0.0,0.0,100925.21846730183
HTI,optimistic,2100,2579.3788337531573,0.0,0.0,0.0,0.0,100925.21846730183
HTI,pessimistic,2050,2633.8572991801,0.0,0.0,0.0,0.0,100925.21846730183
HTI,pessimistic,2100,3056.420006764292,0.0,0.0,0.0,0.0,100925.21846730183
HUN,current,2020,,,,,,
HUN,medium,2050,,,,,,
HUN,medium,2100,,,,,,
HUN,optimistic,2050,,,,,,
HUN,optimistic,2100,,,,,,
HUN,pessimistic,2050,,,,,,
HUN,pessimistic,2100,,,,,,
IDN,current,2020,,,,,,
IDN,medium,2050,,,,,,
IDN,medium,2100,,,,,,
IDN,optimistic,2050,,,,,,
IDN,optimistic,2100,,,,,,
IDN,pessimistic,2050,,,,,,
IDN,pessimistic,2100,,,,,,
IMN,current,2020.0,0.0,0.0,0.0,0.0,0.0,0.0
IMN,medium,2050,0.0,0.0,0.0,0.0,0.0,0.0
IMN,medium,2100,0.0,0.0,0.0,0.0,0.0,0.0
IMN,optimistic,2050,0.0,0.0,0.0,0.0,0.0,0.0
IMN,optimistic,2100,0.0,0.0,0.0,0.0,0.0,0.0
IMN,pessimistic,2050,0.0,0.0,0.0,0.0,0.0,0.0
IMN,pessimistic,2100,0.0,0.0,0.0,0.0,0.0,0.0
IND,current,2020.0,2995.845245871664,0.0,0.0,0.0,0.0,29059.43207234167
IND,medium,2050,11103.65773704201,0.0,0.0,1690.3573514543682,60862.19670805274,791272.0595972058
IND,medium,2100,49244.40339552083,0.0,4259.621716869444,515874.1407617754,1841655.4787314965,3044895.814740708
IND,optimistic,2050,33639.74055323332,0.0,0.0,9993.996587775577,315744.31271045795,1712442.4732461155
IND,optimistic,2100,14653.186533528044,0.0,440.1792757294237,175873.70322026958,156.38015765495703,607265.0620435806
IND,pessimistic,2050,31414.85606021852,0.0,0.0,77937.55698036257,699370.2268304749,2254685.033881532
IND,pessimistic,2100,132866.57834629575,0.0,155139.35303711184,1429407.4458503409,3100155.770121526,6944594.956610376
IRL,current,2020,,,,,,
IRL,medium,2050,,,,,,
IRL,medium,2100,,,,,,
IRL,optimistic,2050,,,,,,
IRL,optimistic,2100,,,,,,
IRL,pessimistic,2050,,,,,,
IRL,pessimistic,2100,,,,,,
IRN,current,2020.0,0.0,0.0,0.0,0.0,0.0,0.0
IRN,medium,2050,0.0,0.0,0.0,0.0,0.0,0.0
IRN,medium,2100,0.0,0.0,0.0,0.0,0.0,0.0
IRN,optimistic,2050,0.0,0.0,0.0,0.0,0.0,0.0
IRN,optimistic,2100,0.0,0.0,0.0,0.0,0.0,0.0
IRN,pessimistic,2050,0.0,0.0,0.0,0.0,0.0,0.0
IRN,pessimistic,2100,1.1692794215918036,0.0,0.0,0.0,0.0,0.0
IRQ,current,2020.0,0.0,0.0,0.0,0.0,0.0,0.0
IRQ,medium,2050,0.0,0.0,0.0,0.0,0.0,0.0
IRQ,medium,2100,0.0,0.0,0.0,0.0,0.0,0.0
IRQ,optimistic,2050,0.0,0.0,0.0,0.0,0.0,0.0
IRQ,optimistic,2100,0.0,0.0,0.0,0.0,0.0,0.0
IRQ,pessimistic,2050,0.0,0.0,0.0,0.0,0.0,0.0
IRQ,pessimistic,2100,0.0,0.0,0.0,0.0,0.0,0.0
ISL,current,2020,,,,,,
ISL,medium,2050,,,,,,
ISL,medium,2100,,,,,,
ISL,optimistic,2050,,,,,,
ISL,optimistic,2100,,,,,,
ISL,pessimistic,2050,,,,,,
ISL,pessimistic,2100,,,,,,
ISR,current,2020.0,0.0,0.0,0.0,0.0,0.0,0.0
ISR,medium,2050,0.0,0.0,0.0,0.0,0.0,0.0
ISR,medium,2100,0.0,0.0,0.0,0.0,0.0,0.0
ISR,optimistic,2050,0.0,0.0,0.0,0.0,0.0,0.0
ISR,optimistic,2100,0.0,0.0,0.0,0.0,0.0,0.0
ISR,pessimistic,2050,0.0,0.0,0.0,0.0,0.0,0.0
ISR,pessimistic,2100,0.0,0.0,0.0,0.0,0.0,0.0
ITA,current,2020.0,0.0,0.0,0.0,0.0,0.0,0.0
ITA,medium,2050,0.0,0.0,0.0,0.0,0.0,0.0
ITA,medium,2100,0.0,0.0,0.0,0.0,0.0,0.0
ITA,optimistic,2050,0.0,0.0,0.0,0.0,0.0,0.0
ITA,optimistic,2100,0.0,0.0,0.0,0.0,0.0,0.0
ITA,pessimistic,2050,0.0,0.0,0.0,0.0,0.0,0.0
ITA,pessimistic,2100,0.0,0.0,0.0,0.0,0.0,0.0
JAM,current,2020.0,742.680598998437,0.0,0.0,0.0,0.0,528.1422022856585
JAM,medium,2050,916.4054143281592,0.0,0.0,0.0,0.0,528.1422022856585
JAM,medium,2100,793.7199224166912,0.0,0.0,0.0,0.0,528.1422022856585
JAM,optimistic,2050,905.4870306523218,0.0,0.0,0.0,0.0,528.1422022856585
JAM,optimistic,2100,795.1179136600682,0.0,0.0,0.0,0.0,528.1422022856585
JAM,pessimistic,2050,742.680598998437,0.0,0.0,0.0,0.0,528.1422022856585
JAM,pessimistic,2100,880.2957000348736,0.0,0.0,0.0,0.0,528.1422022856585
JEY,current,2020.0,0.0,0.0,0.0,0.0,0.0,0.0
JEY,medium,2050,0.0,0.0,0.0,0.0,0.0,0.0
JEY,medium,2100,0.0,0.0,0.0,0.0,0.0,0.0
JEY,optimistic,2050,0.0,0.0,0.0,0.0,0.0,0.0
JEY,optimistic,2100,0.0,0.0,0.0,0.0,0.0,0.0
JEY,pessimistic,2050,0.0,0.0,0.0,0.0,0.0,0.0
JEY,pessimistic,2100,0.0,0.0,0.0,0.0,0.0,0.0
JOR,current,2020.0,0.0,0.0,0.0,0.0,0.0,0.0
JOR,medium,2050,0.0,0.0,0.0,0.0,0.0,0.0
JOR,medium,2100,0.0,0.0,0.0,0.0,0.0,0.0
JOR,optimistic,2050,0.0,0.0,0.0,0.0,0.0,0.0
JOR,optimistic,2100,0.0,0.0,0.0,0.0,0.0,0.0
JOR,pessimistic,2050,0.0,0.0,0.0,0.0,0.0,0.0
JOR,pessimistic,2100,0.0,0.0,0.0,0.0,0.0,0.0
JPN,current,2020.0,753.4518100047513,0.0,0.0,0.0,0.0,629.617570552456
JPN,medium,2050,823.6824827689835,0.0,0.0,0.0,0.0,13980.696945775382
JPN,medium,2100,1225.320894450429,0.0,0.0,0.0,2.349574333830554,2580.092895051064
JPN,optimistic,2050,869.3022683952236,0.0,0.0,0.0,0.0,6444.9372964487575
JPN,optimistic,2100,904.8623328995596,0.0,0.0,0.0,0.0,12121.85200432726
JPN,pessimistic,2050,1293.7222483368755,0.0,0.0,0.0,0.0,65758.56857984228
JPN,pessimistic,2100,5134.7348487836,0.0,0.0,0.0,36561.78294461032,518410.8703200764
KAZ,current,2020,,,,,,
KAZ,medium,2050,,,,,,
KAZ,medium,2100,,,,,,
KAZ,optimistic,2050,,,,,,
KAZ,optimistic,2100,,,,,,
KAZ,pessimistic,2050,,,,,,
KAZ,pessimistic,2100,,,,,,
KEN,current,2020.0,329.15721085819376,0.0,0.0,0.0,0.0,0.0
KEN,medium,2050,329.15721085819376,0.0,0.0,0.0,0.0,0.0
KEN,medium,2100,329.15721085819376,0.0,0.0,0.0,0.0,0.0
KEN,optimistic,2050,329.15721085819376,0.0,0.0,0.0,0.0,0.0
KEN,optimistic,2100,469.8806930511287,0.0,0.0,0.0,0.0,0.0
KEN,pessimistic,2050,314.5396136721329,0.0,0.0,0.0,0.0,0.0
KEN,pessimistic,2100,329.15721085819376,0.0,0.0,0.0,0.0,0.0
KGZ,current,2020,,,,,,
KGZ,medium,2050,,,,,,
KGZ,medium,2100,,,,,,
KGZ,optimistic,2050,,,,,,
KGZ,optimistic,2100,,,,,,
KGZ,pessimistic,2050,,,,,,
KGZ,pessimistic,2100,,,,,,
KHM,current,2020.0,98.87408299167876,0.0,0.0,0.0,0.0,0.0
KHM,medium,2050,98.87408299167876,0.0,0.0,0.0,0.0,1110.0473423290164
KHM,medium,2100,698.6202253948168,0.0,0.0,0.0,0.0,20223.186549677284
KHM,optimistic,2050,1370.964151176586,0.0,0.0,0.0,0.0,34760.87838908052
KHM,optimistic,2100,1707.2600699472166,0.0,0.0,0.0,0.0,210087.9424622276
KHM,pessimistic,2050,2425.3111689994107,0.0,0.0,0.0,0.0,270710.14630694245
KHM,pessimistic,2100,3321.167492282404,0.0,0.0,0.0,230.4994381590777,160312.880807727
KIR,current,2020.0,0.0,0.0,0.0,0.0,0.0,0.0
KIR,medium,2050,0.0,0.0,0.0,0.0,0.0,0.0
KIR,medium,2100,0.0,0.0,0.0,0.0,0.0,0.0
KIR,optimistic,2050,0.0,0.0,0.0,0.0,0.0,0.0
KIR,optimistic,2100,0.0,0.0,0.0,0.0,0.0,0.0
KIR,pessimistic,2050,0.0,0.0,0.0,0.0,0.0,0.0
KIR,pessimistic,2100,0.0,0.0,0.0,0.0,0.0,0.0
KNA,current,2020.0,0.0,0.0,0.0,0.0,0.0,0.0
KNA,medium,2050,0.0,0.0,0.0,0.0,0.0,0.0
KNA,medium,2100,0.0,0.0,0.0,0.0,0.0,0.0
KNA,optimistic,2050,0.0,0.0,0.0,0.0,0.0,0.0
KNA,optimistic,2100,0.0,0.0,0.0,0.0,0.0,0.0
KNA,pessimistic,2050,0.0,0.0,0.0,0.0,0.0,0.0
KNA,pessimistic,2100,0.0,0.0,0.0,0.0,0.0,0.0
KOR,current,2020.0,0.0,0.0,0.0,0.0,0.0,0.0
KOR,medium,2050,0.0,0.0,0.0,0.0,0.0,0.0
KOR,medium,2100,101.4407137956468,0.0,0.0,0.0,0.0,6885.809904659836
KOR,optimistic,2050,0.0,0.0,0.0,0.0,0.0,0.0
KOR,optimistic,2100,0.0,0.0,0.0,0.0,0.0,0.0
KOR,pessimistic,2050,0.0,0.0,0.0,0.0,0.0,0.0
KOR,pessimistic,2100,0.0,0.0,0.0,0.0,0.0,0.0
KWT,current,2020.0,0.0,0.0,0.0,0.0,0.0,0.0
KWT,medium,2050,0.0,0.0,0.0,0.0,0.0,0.0
KWT,medium,2100,0.0,0.0,0.0,0.0,0.0,0.0
KWT,optimistic,2050,0.0,0.0,0.0,0.0,0.0,0.0
KWT,optimistic,2100,0.0,0.0,0.0,0.0,0.0,0.0
KWT,pessimistic,2050,0.0,0.0,0.0,0.0,0.0,0.0
KWT,pessimistic,2100,0.0,0.0,0.0,0.0,0.0,0.0
LAO,current,2020.0,0.0,0.0,0.0,0.0,0.0,0.0
LAO,medium,2050,0.0,0.0,0.0,0.0,0.0,0.0
LAO,medium,2100,0.6801388691348736,0.0,0.0,0.0,0.0,0.0
LAO,optimistic,2050,0.0,0.0,0.0,0.0,0.0,0.0
LAO,optimistic,2100,5.25789568295157,0.0,0.0,0.0,0.0,94.72146360030818
LAO,pessimistic,2050,1.7103518616489706,0.0,0.0,0.0,0.0,20.32782703311267
LAO,pessimistic,2100,82.63522205453025,0.0,0.0,0.0,0.0662081852554616,5380.661785938877
LBN,current,2020.0,0.0,0.0,0.0,0.0,0.0,0.0
LBN,medium,2050,0.0,0.0,0.0,0.0,0.0,0.0
LBN,medium,2100,0.0,0.0,0.0,0.0,0.0,0.0
LBN,optimistic,2050,0.0,0.0,0.0,0.0,0.0,0.0
LBN,optimistic,2100,0.0,0.0,0.0,0.0,0.0,0.0
LBN,pessimistic,2050,0.0,0.0,0.0,0.0,0.0,0.0
LBN,pessimistic,2100,0.0,0.0,0.0,0.0,0.0,0.0
LBR,current,2020.0,0.0,0.0,0.0,0.0,0.0,0.0
LBR,medium,2050,0.0,0.0,0.0,0.0,0.0,0.0
LBR,medium,2100,0.0,0.0,0.0,0.0,0.0,0.0
LBR,optimistic,2050,0.0,0.0,0.0,0.0,0.0,0.0
LBR,optimistic,2100,0.0,0.0,0.0,0.0,0.0,0.0
LBR,pessimistic,2050,0.0,0.0,0.0,0.0,0.0,0.0
LBR,pessimistic,2100,0.0,0.0,0.0,0.0,0.0,0.0
LBY,current,2020.0,0.0,0.0,0.0,0.0,0.0,0.0
LBY,medium,2050,0.0,0.0,0.0,0.0,0.0,0.0
LBY,medium,2100,0.0,0.0,0.0,0.0,0.0,0.0
LBY,optimistic,2050,0.0,0.0,0.0,0.0,0.0,0.0
LBY,optimistic,2100,0.0,0.0,0.0,0.0,0.0,0.0
LBY,pessimistic,2050,0.0,0.0,0.0,0.0,0.0,0.0
LBY,pessimistic,2100,0.0,0.0,0.0,0.0,0.0,0.0
LCA,current,2020.0,25.636839247965085,0.0,0.0,0.0,0.0,0.0
LCA,medium,2050,25.636839247965085,0.0,0.0,0.0,0.0,0.0
LCA,medium,2100,25.636839247965085,0.0,0.0,0.0,0.0,0.0
LCA,optimistic,2050,25.636839247965085,0.0,0.0,0.0,0.0,0.0
LCA,optimistic,2100,25.636839247965085,0.0,0.0,0.0,0.0,0.0
LCA,pessimistic,2050,25.636839247965085,0.0,0.0,0.0,0.0,0.0
LCA,pessimistic,2100,25.636839247965085,0.0,0.0,0.0,0.0,0.0
LIE,current,2020.0,0.0,0.0,0.0,0.0,0.0,0.0
LIE,medium,2050,0.0,0.0,0.0,0.0,0.0,0.0
LIE,medium,2100,0.0,0.0,0.0,0.0,0.0,0.0
LIE,optimistic,2050,0.0,0.0,0.0,0.0,0.0,0.0
LIE,optimistic,2100,0.0,0.0,0.0,0.0,0.0,0.0
LIE,pessimistic,2050,0.0,0.0,0.0,0.0,0.0,0.0
LIE,pessimistic,2100,0.0,0.0,0.0,0.0,0.0,0.0
LKA,current,2020.0,3.948486017120005,0.0,0.0,0.0,0.0,0.0
LKA,medium,2050,9.096909854832518,0.0,0.0,0.0,0.0,632.1927912752882
LKA,medium,2100,512.5493113021506,0.0,0.0,0.0,0.0,59756.66471589319
LKA,optimistic,2050,740.3251770836702,0.0,0.0,0.0,0.0,0.0
LKA,optimistic,2100,61.717471268990174,0.0,0.0,0.0,0.0,2659.391690391324
LKA,pessimistic,2050,204.8964278860192,0.0,0.0,0.0,0.0,30.20014820083223
LKA,pessimistic,2100,1936.531686936328,0.0,0.0,0.0,0.0,74496.58479063143
LSO,current,2020.0,0.0,0.0,0.0,0.0,0.0,0.0
LSO,medium,2050,0.0,0.0,0.0,0.0,0.0,0.0
LSO,medium,2100,0.0,0.0,0.0,0.0,0.0,0.0
LSO,optimistic,2050,0.0,0.0,0.0,0.0,0.0,0.0
LSO,optimistic,2100,0.0,0.0,0.0,0.0,0.0,0.0
LSO,pessimistic,2050,0.0,0.0,0.0,0.0,0.0,0.0
LSO,pessimistic,2100,0.0,0.0,0.0,0.0,0.0,0.0
LTU,current,2020,,,,,,
LTU,medium,2050,,,,,,
LTU,medium,2100,,,,,,
LTU,optimistic,2050,,,,,,
LTU,optimistic,2100,,,,,,
LTU,pessimistic,2050,,,,,,
LTU,pessimistic,2100,,,,,,
LUX,current,2020.0,0.0,0.0,0.0,0.0,0.0,0.0
LUX,medium,2050,0.0,0.0,0.0,0.0,0.0,0.0
LUX,medium,2100,0.0,0.0,0.0,0.0,0.0,0.0
LUX,optimistic,2050,0.0,0.0,0.0,0.0,0.0,0.0
LUX,optimistic,2100,0.0,0.0,0.0,0.0,0.0,0.0
LUX,pessimistic,2050,0.0,0.0,0.0,0.0,0.0,0.0
LUX,pessimistic,2100,0.0,0.0,0.0,0.0,0.0,0.0
LVA,current,2020,,,,,,
LVA,medium,2050,,,,,,
LVA,medium,2100,,,,,,
LVA,optimistic,2050,,,,,,
LVA,optimistic,2100,,,,,,
LVA,pessimistic,2050,,,,,,
LVA,pessimistic,2100,,,,,,
MAC,current,2020.0,1.0584627822932258,0.0,0.0,0.0,0.0,0.0
MAC,medium,2050,23.77855367280352,0.0,0.0,0.0,0.0,0.0
MAC,medium,2100,62.39750666912001,0.0,0.0,0.0,0.0,11701.937194258646
MAC,optimistic,2050,1.0584627822932258,0.0,0.0,0.0,0.0,0.0
MAC,optimistic,2100,20.91481346118597,0.0,0.0,0.0,0.0,0.0
MAC,pessimistic,2050,2.4853054119609044,0.0,0.0,0.0,0.0,0.0
MAC,pessimistic,2100,1.0584627822932258,0.0,0.0,0.0,0.0,0.0
MAF,current,2020.0,12.857147077947504,0.0,0.0,0.0,0.0,0.0
MAF,medium,2050,12.857147077947504,0.0,0.0,0.0,0.0,0.0
MAF,medium,2100,12.857147077947504,0.0,0.0,0.0,0.0,0.0
MAF,optimistic,2050,12.857147077947504,0.0,0.0,0.0,0.0,0.0
MAF,optimistic,2100,12.857147077947504,0.0,0.0,0.0,0.0,0.0
MAF,pessimistic,2050,12.857147077947504,0.0,0.0,0.0,0.0,0.0
MAF,pessimistic,2100,12.857147077947504,0.0,0.0,0.0,0.0,0.0
MAR,current,2020.0,0.0,0.0,0.0,0.0,0.0,0.0
MAR,medium,2050,0.0,0.0,0.0,0.0,0.0,0.0
MAR,medium,2100,0.0,0.0,0.0,0.0,0.0,0.0
MAR,optimistic,2050,0.0,0.0,0.0,0.0,0.0,0.0
MAR,optimistic,2100,0.0,0.0,0.0,0.0,0.0,0.0
MAR,pessimistic,2050,0.0,0.0,0.0,0.0,0.0,0.0
MAR,pessimistic,2100,0.0,0.0,0.0,0.0,0.0,0.0
MDA,current,2020,,,,,,
MDA,medium,2050,,,,,,
MDA,medium,2100,,,,,,
MDA,optimistic,2050,,,,,,
MDA,optimistic,2100,,,,,,
MDA,pessimistic,2050,,,,,,
MDA,pessimistic,2100,,,,,,
MDG,current,2020.0,839.3521943097002,0.0,0.0,0.0,6768.603570411039,63355.78117591421
MDG,medium,2050,7246.745198638406,0.0,29503.20469236854,90751.61754725348,193728.2008833431,341588.9794477528
MDG,medium,2100,9454.991399820345,199.6385275743186,42048.52167470394,138884.8922599253,267147.47477596195,375935.4819837583
MDG,optimistic,2050,8291.692110949618,0.0,45803.08121829583,119260.463591868,200383.02847829447,320587.353405432
MDG,optimistic,2100,5470.371510414174,4291.355362506486,5239.441517540982,57030.4979920144,90277.35610498622,259575.1172565049
MDG,pessimistic,2050,7374.030447394713,0.0,34157.69213692743,85297.96784095989,223542.7199813793,194642.2231172273
MDG,pessimistic,2100,16405.330379489504,24963.02709210187,108744.93304934412,152870.43916380237,214272.998171025,327969.9143824359
MDV,current,2020.0,0.0002032859031678,0.0,0.0,0.0,0.0,0.0
MDV,medium,2050,12.891855689390995,0.0,0.0,0.0,0.0,0.0
MDV,medium,2100,7.33682892277197,0.0,0.0,0.0,0.0,0.3638824366436452
MDV,optimistic,2050,172.77760731838953,0.0,0.0,0.0,0.0,0.0
MDV,optimistic,2100,186.0711569977024,0.0,0.0,0.0,0.0,0.0
MDV,pessimistic,2050,0.3177581367531851,0.0,0.0,0.0,0.0,0.0
MDV,pessimistic,2100,24.615008796689043,0.0,0.0,0.0,0.0,515.273031527916
MEX,current,2020.0,463.43665547719456,0.0,0.0,2582.5476065551725,7362.5331868389885,16106.362219575609
MEX,medium,2050,1710.457454539136,5.01452320039468,4049.477949198531,20787.91527131735,41464.95508832261,99928.47828117912
MEX,medium,2100,2100.329883320636,0.0,3506.9751167911177,13214.86705940148,26164.881626792227,132032.1119336848
MEX,optimistic,2050,1857.9245877759463,0.0,3065.620264463133,9641.281310440454,33681.96619823289,98625.17104793173
MEX,optimistic,2100,1449.3290541208285,0.0,1516.021235440434,7226.801585988944,27081.6557002286,63876.38962694333
MEX,pessimistic,2050,1367.4125831637662,2.117357043099102,6072.9514872732,16948.0021563791,24598.50396776885,56986.52959563267
MEX,pessimistic,2100,2595.856088246881,0.0,1742.6522142277945,9944.58709413081,36780.570710570566,82585.05436314271
MHL,current,2020,,,,,,
MHL,medium,2050,,,,,,
MHL,medium,2100,,,,,,
MHL,optimistic,2050,,,,,,
MHL,optimistic,2100,,,,,,
MHL,pessimistic,2050,,,,,,
MHL,pessimistic,2100,,,,,,
MKD,current,2020,,,,,,
MKD,medium,2050,,,,,,
MKD,medium,2100,,,,,,
MKD,optimistic,2050,,,,,,
MKD,optimistic,2100,,,,,,
MKD,pessimistic,2050,,,,,,
MKD,pessimistic,2100,,,,,,
MLI,current,2020.0,0.0,0.0,0.0,0.0,0.0,0.0
MLI,medium,2050,0.0,0.0,0.0,0.0,0.0,0.0
MLI,medium,2100,0.0,0.0,0.0,0.0,0.0,0.0
MLI,optimistic,2050,0.0,0.0,0.0,0.0,0.0,0.0
MLI,optimistic,2100,0.0,0.0,0.0,0.0,0.0,0.0
MLI,pessimistic,2050,0.0,0.0,0.0,0.0,0.0,0.0
MLI,pessimistic,2100,0.0,0.0,0.0,0.0,0.0,0.0
MLT,current,2020,,,,,,
MLT,medium,2050,,,,,,
MLT,medium,2100,,,,,,
MLT,optimistic,2050,,,,,,
MLT,optimistic,2100,,,,,,
MLT,pessimistic,2050,,,,,,
MLT,pessimistic,2100,,,,,,
MMR,current,2020.0,630.4798019803559,0.0,0.0,0.0,0.0,0.0
MMR,medium,2050,2071.91006824695,0.0,0.0,0.0,0.0,76854.90653185682
MMR,medium,2100,3058.5472907668336,0.0,0.0,0.0,3847.314756143639,182316.41221383133
MMR,optimistic,2050,1308.398940022044,0.0,0.0,0.0,0.0,21490.78247991497
MMR,optimistic,2100,2523.610703311057,0.0,0.0,0.0,0.0,34738.34285777909
MMR,pessimistic,2050,940.2722137462532,0.0,0.0,0.0,0.0,7766.477797754572
MMR,pessimistic,2100,8393.336730895191,0.0,0.0,0.0,73620.95115026787,311980.8954409282
MNE,current,2020,,,,,,
MNE,medium,2050,,,,,,
MNE,medium,2100,,,,,,
MNE,optimistic,2050,,,,,,
MNE,optimistic,2100,,,,,,
MNE,pessimistic,2050,,,,,,
MNE,pessimistic,2100,,,,,,
MNG,current,2020.0,0.0,0.0,0.0,0.0,0.0,0.0
MNG,medium,2050,0.0,0.0,0.0,0.0,0.0,0.0
MNG,medium,2100,0.0,0.0,0.0,0.0,0.0,0.0
MNG,optimistic,2050,0.0,0.0,0.0,0.0,0.0,0.0
MNG,optimistic,2100,0.0,0.0,0.0,0.0,0.0,0.0
MNG,pessimistic,2050,0.0,0.0,0.0,0.0,0.0,0.0
MNG,pessimistic,2100,0.0,0.0,0.0,0.0,0.0,0.0
MNP,current,2020,,,,,,
MNP,medium,2050,,,,,,
MNP,medium,2100,,,,,,
MNP,optimistic,2050,,,,,,
MNP,optimistic,2100,,,,,,
MNP,pessimistic,2050,,,,,,
MNP,pessimistic,2100,,,,,,
MOZ,current,2020.0,1323.504145314776,0.0,0.0,0.0,8727.239810374138,61005.13468358631
MOZ,medium,2050,5989.476007297521,0.0,889.5503360123137,52825.764718929706,118387.74670013694,392154.9196969136
MOZ,medium,2100,8434.383664766978,0.0,49248.750536881416,132629.31604569324,312838.52395627147,608257.3361338953
MOZ,optimistic,2050,7165.241053876836,0.0,6658.531445783552,86593.3744701422,63680.211087961245,476308.15584958985
MOZ,optimistic,2100,4153.733905134931,0.0,2988.483142302141,44100.93126812039,119627.01429825606,297711.94468232186
MOZ,pessimistic,2050,2362.7950935371086,0.0,1755.234286219494,32015.85167476696,67157.70802027809,208776.8750061268
MOZ,pessimistic,2100,15697.101320628848,0.0,83254.14196205736,248227.2641456686,485035.9611318357,704019.4501625106
MRT,current,2020.0,0.0,0.0,0.0,0.0,0.0,0.0
MRT,medium,2050,0.0,0.0,0.0,0.0,0.0,0.0
MRT,medium,2100,0.0,0.0,0.0,0.0,0.0,0.0
MRT,optimistic,2050,0.0,0.0,0.0,0.0,0.0,0.0
MRT,optimistic,2100,0.0,0.0,0.0,0.0,0.0,0.0
MRT,pessimistic,2050,0.0,0.0,0.0,0.0,0.0,0.0
MRT,pessimistic,2100,0.0,0.0,0.0,0.0,0.0,0.0
MSR,current,2020.0,0.0,0.0,0.0,0.0,0.0,0.0
MSR,medium,2050,0.0,0.0,0.0,0.0,0.0,0.0
MSR,medium,2100,0.0,0.0,0.0,0.0,0.0,0.0
MSR,optimistic,2050,0.0,0.0,0.0,0.0,0.0,0.0
MSR,optimistic,2100,0.0,0.0,0.0,0.0,0.0,0.0
MSR,pessimistic,2050,0.0,0.0,0.0,0.0,0.0,0.0
MSR,pessimistic,2100,0.0,0.0,0.0,0.0,0.0,0.0
MTQ,current,2020,,,,,,
MTQ,medium,2050,,,,,,
MTQ,medium,2100,,,,,,
MTQ,optimistic,2050,,,,,,
MTQ,optimistic,2100,,,,,,
MTQ,pessimistic,2050,,,,,,
MTQ,pessimistic,2100,,,,,,
MUS,current,2020.0,0.0,0.0,0.0,0.0,0.0,0.0
MUS,medium,2050,0.0,0.0,0.0,0.0,0.0,0.0
MUS,medium,2100,0.0250362324059726,0.0,0.0,0.0,0.0,0.0
MUS,optimistic,2050,0.0,0.0,0.0,0.0,0.0,0.0
MUS,optimistic,2100,0.0,0.0,0.0,0.0,0.0,0.0
MUS,pessimistic,2050,0.0,0.0,0.0,0.0,0.0,0.0
MUS,pessimistic,2100,5.727644574781024,0.0,0.0,0.0,0.0,0.0
MWI,current,2020.0,0.0,0.0,0.0,0.0,0.0,0.0
MWI,medium,2050,0.0,0.0,0.0,0.0,0.0,0.0
MWI,medium,2100,0.0,0.0,0.0,0.0,0.0,0.0
MWI,optimistic,2050,0.0,0.0,0.0,0.0,0.0,0.0
MWI,optimistic,2100,0.0,0.0,0.0,0.0,0.0,0.0
MYS,current,2020.0,500.3729674051152,0.0,0.0,0.0,0.0,87.65852608458121
MYS,medium,2050,5598.384168330235,0.0,73.19250675331416,56365.82250411257,138960.78310314438,621535.1966209348
MYS,medium,2100,18589.68902654676,0.0,29300.498629333528,344446.9092875621,659646.9061235407,915805.420719766
MYS,optimistic,2050,4905.518849883805,0.0,714.8675051800976,35210.17179126375,175324.3803210081,401709.616959209
MYS,optimistic,2100,21896.4477058662,0.0,629.9592131886541,248165.6123595624,775730.5612144978,1475340.4995884954
MYS,pessimistic,2050,7057.672273167441,0.0,0.0,19006.87125211428,143269.8311999343,906900.5776451216
MYS,pessimistic,2100,10750.184886141154,0.0,27303.04598108,227228.60628990663,576966.6830323105,1063801.3322941745
MYT,current,2020,,,,,,
MYT,medium,2050,,,,,,
MYT,medium,2100,,,,,,
MYT,optimistic,2050,,,,,,
MYT,optimistic,2100,,,,,,
MYT,pessimistic,2050,,,,,,
MYT,pessimistic,2100,,,,,,
NAM,current,2020.0,0.0,0.0,0.0,0.0,0.0,0.0
NAM,medium,2050,0.0,0.0,0.0,0.0,0.0,0.0
NAM,medium,2100,0.0,0.0,0.0,0.0,0.0,0.0
NAM,optimistic,2050,0.0,0.0,0.0,0.0,0.0,0.0
NAM,optimistic,2100,0.0,0.0,0.0,0.0,0.0,0.0
NAM,pessimistic,2050,0.0,0.0,0.0,0.0,0.0,0.0
NAM,pessimistic,2100,0.0,0.0,0.0,0.0,0.0,0.0
NCL,current,2020.0,1.4575165687501042,0.0,0.0,0.0,0.0,0.0
NCL,medium,2050,1.4575165687501042,0.0,0.0,0.0,0.0,0.0
NCL,medium,2100,1.4575165687501042,0.0,0.0,0.0,0.0,0.0
NCL,optimistic,2050,1.4575165687501042,0.0,0.0,0.0,0.0,0.0
NCL,optimistic,2100,1.4575165687501042,0.0,0.0,0.0,0.0,97.60202342136598
NCL,pessimistic,2050,16.93771683166814,0.0,0.0,0.0,0.0,30.9938710629736
NCL,pessimistic,2100,1.4575165687501042,0.0,0.0,0.0,0.0,3.3611047213644354
NER,current,2020.0,0.0,0.0,0.0,0.0,0.0,0.0
NER,medium,2050,0.0,0.0,0.0,0.0,0.0,0.0
NER,medium,2100,0.0,0.0,0.0,0.0,0.0,0.0
NER,optimistic,2050,0.0,0.0,0.0,0.0,0.0,0.0
NER,optimistic,2100,0.0,0.0,0.0,0.0,0.0,0.0
NER,pessimistic,2050,0.0,0.0,0.0,0.0,0.0,0.0
NER,pessimistic,2100,0.0,0.0,0.0,0.0,0.0,0.0
NFK,current,2020.0,0.0,0.0,0.0,0.0,0.0,0.0
NFK,medium,2050,0.0,0.0,0.0,0.0,0.0,0.0
NFK,medium,2100,0.0,0.0,0.0,0.0,0.0,0.0
NFK,optimistic,2050,0.0,0.0,0.0,0.0,0.0,0.0
NFK,optimistic,2100,0.0,0.0,0.0,0.0,0.0,0.0
NFK,pessimistic,2050,0.0,0.0,0.0,0.0,0.0,0.0
NFK,pessimistic,2100,0.0,0.0,0.0,0.0,0.0,0.0
NGA,current,2020.0,0.0,0.0,0.0,0.0,0.0,0.0
NGA,medium,2050,0.0,0.0,0.0,0.0,0.0,0.0
NGA,medium,2100,0.0,0.0,0.0,0.0,0.0,0.0
NGA,optimistic,2050,0.0,0.0,0.0,0.0,0.0,0.0
NGA,optimistic,2100,0.0,0.0,0.0,0.0,0.0,0.0
NGA,pessimistic,2050,0.0,0.0,0.0,0.0,0.0,0.0
NGA,pessimistic,2100,0.0,0.0,0.0,0.0,0.0,0.0
NIC,current,2020.0,5.060646444065627,0.0,0.0,0.0,0.0,151.95605214554163
NIC,medium,2050,21.4494079176646,0.0,0.0,0.0,0.0,238.1345478702606
NIC,medium,2100,3.893623452374376,0.0,0.0,0.0,0.0,762.0002532094937
NIC,optimistic,2050,14.875015179323205,0.0,0.0,0.0,0.0,1419.7488207977606
NIC,optimistic,2100,3.42737257904557,0.0,0.0,0.0,0.0,139.79963097468757
NIC,pessimistic,2050,52.08299375433992,0.0,0.0,0.0,45.22385757833141,2295.350417084981
NIC,pessimistic,2100,12.737095913486788,0.0,0.0,0.0,6.768206529743516,1115.3433347447929
NIU,current,2020.0,0.0,0.0,0.0,0.0,0.0,0.0
NIU,medium,2050,0.0,0.0,0.0,0.0,0.0,0.0
NIU,medium,2100,0.0,0.0,0.0,0.0,0.0,0.0
NIU,optimistic,2050,0.0,0.0,0.0,0.0,0.0,0.0
NIU,optimistic,2100,0.0,0.0,0.0,0.0,0.0,0.0
NIU,pessimistic,2050,0.0,0.0,0.0,0.0,0.0,0.0
NIU,pessimistic,2100,0.0,0.0,0.0,0.0,0.0,0.0
NLD,current,2020.0,0.0,0.0,0.0,0.0,0.0,0.0
NLD,medium,2050,0.0,0.0,0.0,0.0,0.0,0.0
NLD,medium,2100,0.0,0.0,0.0,0.0,0.0,0.0
NLD,optimistic,2050,0.0,0.0,0.0,0.0,0.0,0.0
NLD,optimistic,2100,0.0,0.0,0.0,0.0,0.0,0.0
NLD,pessimistic,2050,0.0,0.0,0.0,0.0,0.0,0.0
NLD,pessimistic,2100,0.0,0.0,0.0,0.0,0.0,0.0
NOR,current,2020.0,0.0,0.0,0.0,0.0,0.0,0.0
NOR,medium,2050,0.0,0.0,0.0,0.0,0.0,0.0
NOR,medium,2100,0.0,0.0,0.0,0.0,0.0,0.0
NOR,optimistic,2050,0.0,0.0,0.0,0.0,0.0,0.0
NOR,optimistic,2100,0.0,0.0,0.0,0.0,0.0,0.0
NOR,pessimistic,2050,0.0,0.0,0.0,0.0,0.0,0.0
NOR,pessimistic,2100,0.0,0.0,0.0,0.0,0.0,0.0
NPL,current,2020.0,0.0,0.0,0.0,0.0,0.0,0.0
NPL,medium,2050,0.0,0.0,0.0,0.0,0.0,0.0
NPL,medium,2100,0.0,0.0,0.0,0.0,0.0,0.0
NPL,optimistic,2050,0.0,0.0,0.0,0.0,0.0,0.0
NPL,optimistic,2100,0.0,0.0,0.0,0.0,0.0,0.0
NPL,pessimistic,2050,0.0,0.0,0.0,0.0,0.0,0.0
NPL,pessimistic,2100,0.0,0.0,0.0,0.0,0.0,0.0
NRU,current,2020.0,0.0,0.0,0.0,0.0,0.0,0.0
NRU,medium,2050,0.0,0.0,0.0,0.0,0.0,0.0
NRU,medium,2100,0.0,0.0,0.0,0.0,0.0,0.0
NRU,optimistic,2050,0.0,0.0,0.0,0.0,0.0,0.0
NRU,optimistic,2100,0.0,0.0,0.0,0.0,0.0,0.0
NRU,pessimistic,2050,0.0,0.0,0.0,0.0,0.0,0.0
NRU,pessimistic,2100,0.0,0.0,0.0,0.0,0.0,0.0
NZL,current,2020.0,0.0,0.0,0.0,0.0,0.0,0.0
NZL,medium,2050,0.0,0.0,0.0,0.0,0.0,0.0
NZL,medium,2100,0.0,0.0,0.0,0.0,0.0,0.0
NZL,optimistic,2050,0.0,0.0,0.0,0.0,0.0,0.0
NZL,optimistic,2100,0.0,0.0,0.0,0.0,0.0,0.0
NZL,pessimistic,2050,0.0,0.0,0.0,0.0,0.0,0.0
NZL,pessimistic,2100,0.0,0.0,0.0,0.0,0.0,0.0
OMN,current,2020.0,0.2285052366437777,0.0,0.0,0.0,0.0,0.0
OMN,medium,2050,3.5741297122637423,0.0,0.0,0.0,0.0,0.0
OMN,medium,2100,9.38490468204999,0.0,0.0,0.0,0.0,0.0
OMN,optimistic,2050,1.010616857092841,0.0,0.0,0.0,0.0,0.0
OMN,optimistic,2100,1.4940870037794198,0.0,0.0,0.0,0.0,0.0
OMN,pessimistic,2050,0.2285052366437777,0.0,0.0,0.0,0.0,0.0
OMN,pessimistic,2100,31.79630699726033,0.0,0.0,0.0,0.0,0.0
PAK,current,2020.0,0.0,0.0,0.0,0.0,0.0,0.0
PAK,medium,2050,0.0,0.0,0.0,0.0,0.0,0.0
PAK,medium,2100,0.0,0.0,0.0,0.0,0.0,0.0
PAK,optimistic,2050,0.0,0.0,0.0,0.0,0.0,0.0
PAK,optimistic,2100,0.0,0.0,0.0,0.0,0.0,0.0
PAK,pessimistic,2050,0.0,0.0,0.0,0.0,0.0,0.0
PAK,pessimistic,2100,0.0,0.0,0.0,0.0,0.0,0.0
PAN,current,2020.0,0.0,0.0,0.0,0.0,0.0,0.0
PAN,medium,2050,0.0,0.0,0.0,0.0,0.0,0.0
PAN,medium,2100,0.0,0.0,0.0,0.0,0.0,0.0
PAN,optimistic,2050,0.0,0.0,0.0,0.0,0.0,0.0
PAN,optimistic,2100,0.0,0.0,0.0,0.0,0.0,0.0
PAN,pessimistic,2050,0.0,0.0,0.0,0.0,0.0,0.0
PAN,pessimistic,2100,0.0,0.0,0.0,0.0,0.0,0.0
PER,current,2020.0,0.0,0.0,0.0,0.0,0.0,0.0
PER,medium,2050,0.0,0.0,0.0,0.0,0.0,0.0
PER,medium,2100,0.0,0.0,0.0,0.0,0.0,0.0
PER,optimistic,2050,0.0,0.0,0.0,0.0,0.0,0.0
PER,optimistic,2100,0.0,0.0,0.0,0.0,0.0,0.0
PER,pessimistic,2050,0.0,0.0,0.0,0.0,0.0,0.0
PER,pessimistic,2100,0.0,0.0,0.0,0.0,0.0,0.0
PHL,current,2020.0,104316.77139945683,28751.85220613671,388132.8620162941,1174468.3518567935,2680808.849080687,6597027.4739226615
PHL,medium,2050,564642.9547682381,962003.8047270736,3090186.3782457765,6464163.342715108,12779455.699415172,17418521.229129635
PHL,medium,2100,559061.0492345789,981733.240858286,2193161.960748294,4256900.05036058,5917350.334619045,12103763.724889431
PHL,optimistic,2050,412496.63872658537,707733.7244887055,2933950.0620417404,4607429.935174455,8473157.33948028,9297238.449966148
PHL,optimistic,2100,603238.7015635644,1190340.5298316467,2797663.596335382,4090787.938415342,12456316.968685515,11504743.44835946
PHL,pessimistic,2050,611661.2876662182,913564.262621165,3258958.1365751047,6833296.037063613,15400413.26358904,22787482.579973813
PHL,pessimistic,2100,878318.536479776,1343988.525134454,4303322.870758641,7553838.931749386,13943498.934100283,18556164.372510165
PLW,current,2020.0,21.303434110286325,0.0,0.0,0.0,0.0,0.0
PLW,medium,2050,38.29727572520788,0.0,0.0,0.0,0.0,2197.3137256086147
PLW,medium,2100,44.75787142911154,0.0,0.0,0.0,0.0,6751.701355569145
PLW,optimistic,2050,65.4882638663266,0.0,0.0,230.84313038077724,1056.2914408139263,6272.646324982374
PLW,optimistic,2100,21.303434110286325,0.0,0.0,0.0,0.0,0.0
PLW,pessimistic,2050,21.303434110286325,0.0,0.0,29.1965337386859,341.661335621229,87.83398641673273
PLW,pessimistic,2100,111.79756758078068,0.0,0.0,14.71114699977938,1478.509345092558,6690.808658575301
PNG,current,2020.0,229.0303230235814,0.0,0.0,0.0,312.52209891781297,5737.5928227543145
PNG,medium,2050,858.7074201373887,0.0,108.14193209954206,2031.9211762111097,11811.666762824852,57319.078637056286
PNG,medium,2100,965.4464947985956,0.0,0.6492648193600008,9679.847398436455,25291.95078291121,45970.31259077819
PNG,optimistic,2050,928.655576179325,0.0,266.1946867873348,4198.35763509875,9293.912135524535,43412.67224659649
PNG,optimistic,2100,775.2072835589934,0.0,0.0,5134.9554788073,18100.48582191897,82356.02373281942
PNG,pessimistic,2050,299.05833388313306,0.0,0.0,2019.8940874362609,1494.1297644219535,24609.772653033444
PNG,pessimistic,2100,345.35900198258247,0.0,19.29754421831652,313.1369645689528,3916.7187020874326,22683.7497258209
POL,current,2020,,,,,,
POL,medium,2050,,,,,,
POL,medium,2100,,,,,,
POL,optimistic,2050,,,,,,
POL,optimistic,2100,,,,,,
POL,pessimistic,2050,,,,,,
POL,pessimistic,2100,,,,,,
PRI,current,2020.0,161.12761781401133,0.0,0.0,0.0,0.0,0.0
PRI,medium,2050,161.58579417719636,0.0,0.0,0.0,0.0,0.0
PRI,medium,2100,161.12761781401133,0.0,0.0,0.0,0.0,0.0
PRI,optimistic,2050,1817.3217331737544,0.0,0.0,0.0,0.0,0.0
PRI,optimistic,2100,160.4721500227764,0.0,0.0,0.0,0.0,0.0
PRI,pessimistic,2050,161.12761781401133,0.0,0.0,0.0,0.0,0.0
PRI,pessimistic,2100,160.4721500227764,0.0,0.0,0.0,0.0,0.0
PRK,current,2020.0,0.0,0.0,0.0,0.0,0.0,0.0
PRK,medium,2050,0.0,0.0,0.0,0.0,0.0,0.0
PRK,medium,2100,0.0,0.0,0.0,0.0,0.0,0.0
PRK,optimistic,2050,0.0,0.0,0.0,0.0,0.0,0.0
PRK,optimistic,2100,0.0,0.0,0.0,0.0,0.0,0.0
PRK,pessimistic,2050,0.0,0.0,0.0,0.0,0.0,0.0
PRK,pessimistic,2100,0.0,0.0,0.0,0.0,0.0,0.0
PRT,current,2020.0,0.0,0.0,0.0,0.0,0.0,0.0
PRT,medium,2050,0.0,0.0,0.0,0.0,0.0,0.0
PRT,medium,2100,0.0,0.0,0.0,0.0,0.0,0.0
PRT,optimistic,2050,0.0,0.0,0.0,0.0,0.0,0.0
PRT,optimistic,2100,0.0,0.0,0.0,0.0,0.0,0.0
PRT,pessimistic,2050,0.0,0.0,0.0,0.0,0.0,0.0
PRT,pessimistic,2100,0.0,0.0,0.0,0.0,0.0,0.0
PRY,current,2020,,,,,,
PRY,medium,2050,,,,,,
PRY,medium,2100,,,,,,
PRY,optimistic,2050,,,,,,
PRY,optimistic,2100,,,,,,
PRY,pessimistic,2050,,,,,,
PRY,pessimistic,2100,,,,,,
PSE,current,2020.0,0.0,0.0,0.0,0.0,0.0,0.0
PSE,medium,2050,0.0,0.0,0.0,0.0,0.0,0.0
PSE,medium,2100,0.0,0.0,0.0,0.0,0.0,0.0
PSE,optimistic,2050,0.0,0.0,0.0,0.0,0.0,0.0
PSE,optimistic,2100,0.0,0.0,0.0,0.0,0.0,0.0
PSE,pessimistic,2050,0.0,0.0,0.0,0.0,0.0,0.0
PSE,pessimistic,2100,0.0,0.0,0.0,0.0,0.0,0.0
PYF,current,2020.0,0.0,0.0,0.0,0.0,0.0,0.0
PYF,medium,2050,0.0,0.0,0.0,0.0,0.0,0.0
PYF,medium,2100,0.0,0.0,0.0,0.0,0.0,0.0
PYF,optimistic,2050,0.0,0.0,0.0,0.0,0.0,0.0
PYF,optimistic,2100,0.0,0.0,0.0,0.0,0.0,0.0
PYF,pessimistic,2050,0.0,0.0,0.0,0.0,0.0,0.0
PYF,pessimistic,2100,0.0,0.0,0.0,0.0,0.0,0.0
QAT,current,2020.0,0.0,0.0,0.0,0.0,0.0,0.0
QAT,medium,2050,0.0,0.0,0.0,0.0,0.0,0.0
QAT,medium,2100,0.0,0.0,0.0,0.0,0.0,0.0
QAT,optimistic,2050,0.0,0.0,0.0,0.0,0.0,0.0
QAT,optimistic,2100,0.0,0.0,0.0,0.0,0.0,0.0
QAT,pessimistic,2050,0.0,0.0,0.0,0.0,0.0,0.0
QAT,pessimistic,2100,0.0,0.0,0.0,0.0,0.0,0.0
REU,current,2020,,,,,,
REU,medium,2050,,,,,,
REU,medium,2100,,,,,,
REU,optimistic,2050,,,,,,
REU,optimistic,2100,,,,,,
REU,pessimistic,2050,,,,,,
REU,pessimistic,2100,,,,,,
ROU,current,2020,,,,,,
ROU,medium,2050,,,,,,
ROU,medium,2100,,,,,,
ROU,optimistic,2050,,,,,,
ROU,optimistic,2100,,,,,,
ROU,pessimistic,2050,,,,,,
ROU,pessimistic,2100,,,,,,
RUS,current,2020.0,0.0,0.0,0.0,0.0,0.0,0.0
RUS,optimistic,2050,0.0,0.0,0.0,0.0,0.0,0.0
RUS,optimistic,2100,0.0,0.0,0.0,0.0,0.0,0.0
RUS,pessimistic,2050,0.0,0.0,0.0,0.0,0.0,0.0
RUS,pessimistic,2100,0.0,0.0,0.0,0.0,0.0,0.0
RWA,current,2020.0,0.0,0.0,0.0,0.0,0.0,0.0
RWA,medium,2050,0.0,0.0,0.0,0.0,0.0,0.0
RWA,medium,2100,0.0,0.0,0.0,0.0,0.0,0.0
RWA,optimistic,2050,0.0,0.0,0.0,0.0,0.0,0.0
RWA,optimistic,2100,0.0,0.0,0.0,0.0,0.0,0.0
RWA,pessimistic,2050,0.0,0.0,0.0,0.0,0.0,0.0
RWA,pessimistic,2100,0.0,0.0,0.0,0.0,0.0,0.0
SAU,current,2020.0,0.0,0.0,0.0,0.0,0.0,0.0
SAU,medium,2050,0.0,0.0,0.0,0.0,0.0,0.0
SAU,medium,2100,0.0,0.0,0.0,0.0,0.0,0.0
SAU,optimistic,2050,0.0,0.0,0.0,0.0,0.0,0.0
SAU,optimistic,2100,0.0,0.0,0.0,0.0,0.0,0.0
SAU,pessimistic,2050,0.0,0.0,0.0,0.0,0.0,0.0
SAU,pessimistic,2100,0.0,0.0,0.0,0.0,0.0,0.0
SDN,current,2020.0,0.0,0.0,0.0,0.0,0.0,0.0
SDN,medium,2050,0.0,0.0,0.0,0.0,0.0,0.0
SDN,medium,2100,0.0,0.0,0.0,0.0,0.0,0.0
SDN,optimistic,2050,0.0,0.0,0.0,0.0,0.0,0.0
SDN,optimistic,2100,0.0,0.0,0.0,0.0,0.0,0.0
SDN,pessimistic,2050,0.0,0.0,0.0,0.0,0.0,0.0
SDN,pessimistic,2100,0.0,0.0,0.0,0.0,0.0,0.0
SEN,current,2020.0,0.0,0.0,0.0,0.0,0.0,0.0
SEN,medium,2050,0.0,0.0,0.0,0.0,0.0,0.0
SEN,medium,2100,0.0,0.0,0.0,0.0,0.0,0.0
SEN,optimistic,2050,0.0,0.0,0.0,0.0,0.0,0.0
SEN,optimistic,2100,0.0,0.0,0.0,0.0,0.0,0.0
SEN,pessimistic,2050,0.0,0.0,0.0,0.0,0.0,0.0
SEN,pessimistic,2100,0.0,0.0,0.0,0.0,0.0,0.0
SGP,current,2020.0,0.0,0.0,0.0,0.0,0.0,0.0
SGP,medium,2050,0.0,0.0,0.0,0.0,0.0,0.0
SGP,medium,2100,0.0,0.0,0.0,0.0,0.0,0.0
SGP,optimistic,2050,0.0,0.0,0.0,0.0,0.0,0.0
SGP,optimistic,2100,0.0,0.0,0.0,0.0,0.0,0.0
SGP,pessimistic,2050,0.0,0.0,0.0,0.0,0.0,0.0
SGP,pessimistic,2100,0.0,0.0,0.0,0.0,0.0,0.0
SHN,current,2020,,,,,,
SHN,medium,2050,,,,,,
SHN,medium,2100,,,,,,
SHN,optimistic,2050,,,,,,
SHN,optimistic,2100,,,,,,
SHN,pessimistic,2050,,,,,,
SHN,pessimistic,2100,,,,,,
SJM,current,2020,,,,,,
SJM,medium,2050,,,,,,
SJM,medium,2100,,,,,,
SJM,optimistic,2050,,,,,,
SJM,optimistic,2100,,,,,,
SJM,pessimistic,2050,,,,,,
SJM,pessimistic,2100,,,,,,
SLB,current,2020.0,379.89213988803823,0.0,0.0,0.0,610.8170858351601,21935.624132696867
SLB,medium,2050,216.4609526690046,0.0,0.0,474.9409776253144,1916.1695386635088,54497.90594360195
SLB,medium,2100,625.4465342497308,0.0,0.0,0.0,686.1590574427534,27917.55636759405
SLB,optimistic,2050,229.91753183004272,0.0,0.0,0.0,1461.570620110726,23202.22694005688
SLB,optimistic,2100,969.5511754310044,0.0,0.0,1133.856567565466,9618.479131162936,33908.198731221644
SLB,pessimistic,2050,430.8050991689026,0.0,0.0,0.0,610.8170858351601,67709.02232213454
SLB,pessimistic,2100,450.0463358066714,0.0,0.0,0.0,4849.922772956958,48294.3114252734
SLE,current,2020.0,0.0,0.0,0.0,0.0,0.0,0.0
SLE,medium,2050,0.0,0.0,0.0,0.0,0.0,0.0
SLE,medium,2100,0.0,0.0,0.0,0.0,0.0,0.0
SLE,optimistic,2050,0.0,0.0,0.0,0.0,0.0,0.0
SLE,optimistic,2100,0.0,0.0,0.0,0.0,0.0,0.0
SLE,pessimistic,2050,0.0,0.0,0.0,0.0,0.0,0.0
SLE,pessimistic,2100,0.0,0.0,0.0,0.0,0.0,0.0
SLV,current,2020.0,0.0,0.0,0.0,0.0,0.0,0.0
SLV,medium,2050,0.0,0.0,0.0,0.0,0.0,0.0
SLV,medium,2100,0.0,0.0,0.0,0.0,0.0,0.0
SLV,optimistic,2050,0.0,0.0,0.0,0.0,0.0,0.0
SLV,optimistic,2100,0.0,0.0,0.0,0.0,0.0,0.0
SLV,pessimistic,2050,0.0,0.0,0.0,0.0,0.0,0.0
SLV,pessimistic,2100,0.0,0.0,0.0,0.0,0.0,0.0
SMR,current,2020,,,,,,
SMR,medium,2050,,,,,,
SMR,medium,2100,,,,,,
SMR,optimistic,2050,,,,,,
SMR,optimistic,2100,,,,,,
SMR,pessimistic,2050,,,,,,
SMR,pessimistic,2100,,,,,,
SOM,current,2020.0,54.84104293421112,0.0,0.0,0.0,0.0,0.0
SOM,medium,2050,250.5162175709735,0.0,0.0,0.0,0.0,0.0
SOM,medium,2100,475.4013607191632,0.0,0.0,0.0,191.7999445164785,12840.33609693404
SOM,optimistic,2050,299.4185344620528,0.0,0.0,0.0,0.0,127.32114852323735
SOM,optimistic,2100,280.9205006516265,0.0,0.0,0.0,1151.8118933233927,14585.60704766192
SOM,pessimistic,2050,129.0409058324687,0.0,0.0,0.0,0.0,0.0
SOM,pessimistic,2100,941.8030315244448,0.0,0.0,0.0,12285.5971565196,76396.33386903928
SPM,current,2020.0,0.0,0.0,0.0,0.0,0.0,0.0
SPM,medium,2050,0.0,0.0,0.0,0.0,0.0,0.0
SPM,medium,2100,0.0,0.0,0.0,0.0,0.0,0.0
SPM,optimistic,2050,0.0,0.0,0.0,0.0,0.0,0.0
SPM,optimistic,2100,0.0,0.0,0.0,0.0,0.0,0.0
SPM,pessimistic,2050,0.0,0.0,0.0,0.0,0.0,0.0
SPM,pessimistic,2100,0.0,0.0,0.0,0.0,0.0,0.0
SRB,current,2020,,,,,,
SRB,medium,2050,,,,,,
SRB,medium,2100,,,,,,
SRB,optimistic,2050,,,,,,
SRB,optimistic,2100,,,,,,
SRB,pessimistic,2050,,,,,,
SRB,pessimistic,2100,,,,,,
SSD,current,2020.0,0.0,0.0,0.0,0.0,0.0,0.0
SSD,medium,2050,0.0,0.0,0.0,0.0,0.0,0.0
SSD,medium,2100,0.0,0.0,0.0,0.0,0.0,0.0
SSD,optimistic,2050,0.0,0.0,0.0,0.0,0.0,0.0
SSD,optimistic,2100,0.0,0.0,0.0,0.0,0.0,0.0
SSD,pessimistic,2050,0.0,0.0,0.0,0.0,0.0,0.0
SSD,pessimistic,2100,0.0,0.0,0.0,0.0,0.0,0.0
STP,current,2020.0,0.0,0.0,0.0,0.0,0.0,0.0
STP,medium,2050,0.0,0.0,0.0,0.0,0.0,0.0
STP,medium,2100,0.0,0.0,0.0,0.0,0.0,0.0
STP,optimistic,2050,0.0,0.0,0.0,0.0,0.0,0.0
STP,optimistic,2100,0.0,0.0,0.0,0.0,0.0,0.0
STP,pessimistic,2050,0.0,0.0,0.0,0.0,0.0,0.0
STP,pessimistic,2100,0.0,0.0,0.0,0.0,0.0,0.0
SUR,current,2020.0,0.0,0.0,0.0,0.0,0.0,0.0
SUR,medium,2050,0.0,0.0,0.0,0.0,0.0,0.0
SUR,medium,2100,0.0,0.0,0.0,0.0,0.0,0.0
SUR,optimistic,2050,0.0,0.0,0.0,0.0,0.0,0.0
SUR,optimistic,2100,0.0,0.0,0.0,0.0,0.0,0.0
SUR,pessimistic,2050,0.0,0.0,0.0,0.0,0.0,0.0
SUR,pessimistic,2100,0.0,0.0,0.0,0.0,0.0,0.0
SVK,current,2020,,,,,,
SVK,medium,2050,,,,,,
SVK,medium,2100,,,,,,
SVK,optimistic,2050,,,,,,
SVK,optimistic,2100,,,,,,
SVK,pessimistic,2050,,,,,,
SVK,pessimistic,2100,,,,,,
SVN,current,2020,,,,,,
SVN,medium,2050,,,,,,
SVN,medium,2100,,,,,,
SVN,optimistic,2050,,,,,,
SVN,optimistic,2100,,,,,,
SVN,pessimistic,2050,,,,,,
SVN,pessimistic,2100,,,,,,
SWE,current,2020,,,,,,
SWE,medium,2050,,,,,,
SWE,medium,2100,,,,,,
SWE,optimistic,2050,,,,,,
SWE,optimistic,2100,,,,,,
SWE,pessimistic,2050,,,,,,
SWE,pessimistic,2100,,,,,,
SWZ,current,2020.0,0.0,0.0,0.0,0.0,0.0,0.0
SWZ,medium,2050,0.0,0.0,0.0,0.0,0.0,0.0
SWZ,medium,2100,0.0,0.0,0.0,0.0,0.0,0.0
SWZ,optimistic,2050,0.0,0.0,0.0,0.0,0.0,0.0
SWZ,optimistic,2100,0.0,0.0,0.0,0.0,0.0,0.0
SWZ,pessimistic,2050,0.0,0.0,0.0,0.0,0.0,0.0
SWZ,pessimistic,2100,0.0,0.0,0.0,0.0,0.0,0.0
SXM,current,2020.0,16.851342008400177,0.0,0.0,0.0,0.0,0.0
SXM,medium,2050,16.851342008400177,0.0,0.0,0.0,0.0,0.0
SXM,medium,2100,16.851342008400177,0.0,0.0,0.0,0.0,0.0
SXM,optimistic,2050,16.851342008400177,0.0,0.0,0.0,0.0,0.0
SXM,optimistic,2100,16.851342008400177,0.0,0.0,0.0,0.0,0.0
SXM,pessimistic,2050,16.851342008400177,0.0,0.0,0.0,0.0,0.0
SXM,pessimistic,2100,16.851342008400177,0.0,0.0,0.0,0.0,0.0
SYC,current,2020.0,0.0,0.0,0.0,0.0,0.0,0.0
SYC,medium,2050,0.0287512444271083,0.0,0.0,0.0,0.0,0.0
SYC,medium,2100,0.0,0.0,0.0,0.0,0.0,0.0
SYC,optimistic,2050,0.003825296069708,0.0,0.0,0.0,0.0,0.0
SYC,optimistic,2100,0.0,0.0,0.0,0.0,0.0,0.0
SYC,pessimistic,2050,0.0,0.0,0.0,0.0,0.0,0.0
SYC,pessimistic,2100,0.0,0.0,0.0,0.0,0.0,0.0
SYR,current,2020.0,0.0,0.0,0.0,0.0,0.0,0.0
SYR,medium,2050,0.0,0.0,0.0,0.0,0.0,0.0
SYR,medium,2100,0.0,0.0,0.0,0.0,0.0,0.0
SYR,optimistic,2050,0.0,0.0,0.0,0.0,0.0,0.0
SYR,optimistic,2100,0.0,0.0,0.0,0.0,0.0,0.0
SYR,pessimistic,2050,0.0,0.0,0.0,0.0,0.0,0.0
SYR,pessimistic,2100,0.0,0.0,0.0,0.0,0.0,0.0
TCA,current,2020.0,0.0177402135796233,0.0,0.0,0.0,0.0,0.0
TCA,medium,2050,0.0177402135796233,0.0,0.0,0.0,0.0,0.0
TCA,medium,2100,0.0177402135796233,0.0,0.0,0.0,0.0,0.0
TCA,optimistic,2050,0.0177402135796233,0.0,0.0,0.0,0.0,0.0
TCA,optimistic,2100,0.0177402135796233,0.0,0.0,0.0,0.0,0.0
TCA,pessimistic,2050,0.0177402135796233,0.0,0.0,0.0,0.0,0.0
TCA,pessimistic,2100,0.7481650433579669,0.0,0.0,0.0,0.0,0.0
TCD,current,2020,,,,,,
TCD,medium,2050,,,,,,
TCD,medium,2100,,,,,,
TCD,optimistic,2050,,,,,,
TCD,optimistic,2100,,,,,,
TCD,pessimistic,2050,,,,,,
TCD,pessimistic,2100,,,,,,
TGO,current,2020.0,0.0,0.0,0.0,0.0,0.0,0.0
TGO,medium,2050,0.0,0.0,0.0,0.0,0.0,0.0
TGO,medium,2100,0.0,0.0,0.0,0.0,0.0,0.0
TGO,optimistic,2050,0.0,0.0,0.0,0.0,0.0,0.0
TGO,optimistic,2100,0.0,0.0,0.0,0.0,0.0,0.0
TGO,pessimistic,2050,0.0,0.0,0.0,0.0,0.0,0.0
TGO,pessimistic,2100,0.0,0.0,0.0,0.0,0.0,0.0
THA,current,2020.0,5079.057370955737,0.0,0.0,0.0,31399.19141078673,299611.45462903543
THA,medium,2050,20028.10856137693,0.0,1757.7858637990305,65254.54049716375,754056.7642463378,1835194.698329168
THA,medium,2100,39143.71018713628,0.0,93100.28894954622,554742.094729358,957603.860841861,2590126.952595357
THA,optimistic,2050,17453.357428516865,0.0,31889.81550885404,221789.3470890773,661560.2037899005,887616.113110237
THA,optimistic,2100,36913.22479709143,0.0,77738.53249983658,386277.7310954043,876174.4614189656,2110509.618982463
THA,pessimistic,2050,29846.400225422167,0.0,43538.15714320806,326954.4304278032,741109.7571998825,2365062.8368284907
THA,pessimistic,2100,43670.93963448974,0.0,313571.3216209314,813336.1309270556,1012182.7736834668,2056954.999240985
TJK,current,2020.0,0.0,0.0,0.0,0.0,0.0,0.0
TJK,medium,2050,0.0,0.0,0.0,0.0,0.0,0.0
TJK,medium,2100,0.0,0.0,0.0,0.0,0.0,0.0
TJK,optimistic,2050,0.0,0.0,0.0,0.0,0.0,0.0
TJK,optimistic,2100,0.0,0.0,0.0,0.0,0.0,0.0
TJK,pessimistic,2050,0.0,0.0,0.0,0.0,0.0,0.0
TJK,pessimistic,2100,0.0,0.0,0.0,0.0,0.0,0.0
TKL,current,2020,,,,,,
TKL,medium,2050,,,,,,
TKL,medium,2100,,,,,,
TKL,optimistic,2050,,,,,,
TKL,optimistic,2100,,,,,,
TKL,pessimistic,2050,,,,,,
TKL,pessimistic,2100,,,,,,
TKM,current,2020.0,0.0,0.0,0.0,0.0,0.0,0.0
TKM,medium,2050,0.0,0.0,0.0,0.0,0.0,0.0
TKM,medium,2100,0.0,0.0,0.0,0.0,0.0,0.0
TKM,optimistic,2050,0.0,0.0,0.0,0.0,0.0,0.0
TKM,optimistic,2100,0.0,0.0,0.0,0.0,0.0,0.0
TKM,pessimistic,2050,0.0,0.0,0.0,0.0,0.0,0.0
TKM,pessimistic,2100,0.0,0.0,0.0,0.0,0.0,0.0
TLS,current,2020.0,17.611063039137484,0.0,0.0,0.0,0.0,0.0
TLS,medium,2050,105.80751224151226,0.0,0.0,0.0,0.0,5233.150184287233
TLS,medium,2100,838.9086550602806,0.0,0.0,0.0,17.00778065257349,84104.35996799768
TLS,optimistic,2050,285.5084139515426,0.0,0.0,0.0,0.0,0.0
TLS,optimistic,2100,226.6975233733401,0.0,0.0,0.0,29.25134355435651,60071.87143002873
TLS,pessimistic,2050,202.47238685420467,0.0,0.0,0.0,0.0,5881.63746872862
TLS,pessimistic,2100,1021.1239596726311,0.0,0.0,0.0,1178.2653763280773,81113.2859027803
TON,current,2020.0,0.0,0.0,0.0,0.0,0.0,0.0
TON,medium,2050,0.0,0.0,0.0,0.0,0.0,0.0
TON,medium,2100,1.013762802566075,0.0,0.0,0.0,0.0,0.0
TON,optimistic,2050,0.0,0.0,0.0,0.0,0.0,0.0
TON,optimistic,2100,0.0,0.0,0.0,0.0,0.0,0.0
TON,pessimistic,2050,0.0,0.0,0.0,0.0,0.0,0.0
TON,pessimistic,2100,0.0,0.0,0.0,0.0,0.0,0.0
TTO,current,2020.0,681.5209409465164,0.0,0.0,0.0,0.0,0.0
TTO,medium,2050,683.519341528908,0.0,0.0,0.0,0.0,0.0
TTO,medium,2100,681.5998397953863,0.0,0.0,0.0,0.0,0.0
TTO,optimistic,2050,681.5209409465164,0.0,0.0,0.0,0.0,0.0
TTO,optimistic,2100,1138.8292287913364,0.0,0.0,0.0,0.0,3768.068810537058
TTO,pessimistic,2050,1615.9088045060157,0.0,0.0,0.0,0.0,0.0
TTO,pessimistic,2100,744.1878150202757,0.0,0.0,0.0,0.0,0.0
TUN,current,2020.0,0.0,0.0,0.0,0.0,0.0,0.0
TUN,medium,2050,0.0,0.0,0.0,0.0,0.0,0.0
TUN,medium,2100,0.0,0.0,0.0,0.0,0.0,0.0
TUN,optimistic,2050,0.0,0.0,0.0,0.0,0.0,0.0
TUN,optimistic,2100,0.0,0.0,0.0,0.0,0.0,0.0
TUN,pessimistic,2050,0.0,0.0,0.0,0.0,0.0,0.0
TUN,pessimistic,2100,0.0,0.0,0.0,0.0,0.0,0.0
TUR,current,2020.0,0.0,0.0,0.0,0.0,0.0,0.0
TUR,medium,2050,0.0,0.0,0.0,0.0,0.0,0.0
TUR,medium,2100,0.0,0.0,0.0,0.0,0.0,0.0
TUR,optimistic,2050,0.0,0.0,0.0,0.0,0.0,0.0
TUR,optimistic,2100,0.0,0.0,0.0,0.0,0.0,0.0
TUR,pessimistic,2050,0.0,0.0,0.0,0.0,0.0,0.0
TUR,pessimistic,2100,0.0,0.0,0.0,0.0,0.0,0.0
TUV,current,2020.0,5.198952230014647,0.0,0.0,0.0,0.0,0.0
TUV,medium,2050,8.156872854097028,0.0,0.0,0.0,0.0,93.85384667943144
TUV,medium,2100,16.606793504728927,0.0,0.0,0.0,0.0,279.0830815517823
TUV,optimistic,2050,4.737182622551446,0.0,0.0,0.0,0.0,0.0
TUV,optimistic,2100,4.682912713088012,0.0,0.0,0.0,0.0,44.67959954332933
TUV,pessimistic,2050,7.282052222514013,0.0,0.0,0.0,0.0,0.0
TUV,pessimistic,2100,5.86659204301428,0.0,0.0,0.0,0.0,0.0
TWN,current,2020.0,2.770840802417175,0.0,0.0,0.0,0.0,0.0
TWN,medium,2050,87.67331987556618,0.0,0.0,0.0,42.54196497466364,19336.512806286955
TWN,medium,2100,185.7778951834415,0.0,0.0,0.0,319.7107299535618,11234.31802844154
TWN,optimistic,2050,38.73404573846,0.0,0.0,0.0,0.0,54.08918795485426
TWN,optimistic,2100,351.5808451383967,0.0,0.0,0.0,265.93118340321365,7661.973502122972
TWN,pessimistic,2050,83.19890535578418,0.0,0.0,0.0,218.80604751096143,588.1267811815176
TWN,pessimistic,2100,352.20464371785545,0.0,0.0,55.23532815057143,1538.6007451416478,50727.80272595914
TZA,current,2020.0,2637.4809092832807,0.0,0.0,0.0,19742.254371166764,79713.54959538004
TZA,medium,2050,9414.583966654556,0.0,16395.607330379906,82572.49227855449,223208.69017462,568826.0614675587
TZA,medium,2100,18743.758676089656,0.0,5244.304245530353,123692.29481429976,334858.96915695333,1376176.18041974
TZA,optimistic,2050,9796.33604020261,0.0,19897.98506644972,79790.13436725733,161637.29381648556,698410.6311138916
TZA,optimistic,2100,12134.90085365282,0.0,14202.628167615028,87570.23977274034,222820.36664480355,905699.7740967972
TZA,pessimistic,2050,4320.42015990724,0.0,0.0,31935.062588111905,172040.25531349462,414413.75455330353
TZA,pessimistic,2100,16643.955597106076,0.0,1377.81644419332,194371.3938029564,376094.9482487583,826639.5478792549
UGA,current,2020.0,0.0,0.0,0.0,0.0,0.0,0.0
UGA,medium,2050,0.0,0.0,0.0,0.0,0.0,0.0
UGA,medium,2100,0.0,0.0,0.0,0.0,0.0,0.0
UGA,optimistic,2050,0.0,0.0,0.0,0.0,0.0,0.0
UGA,optimistic,2100,0.0,0.0,0.0,0.0,0.0,0.0
UGA,pessimistic,2050,0.0,0.0,0.0,0.0,0.0,0.0
UGA,pessimistic,2100,0.0,0.0,0.0,0.0,0.0,0.0
UKR,current,2020,,,,,,
UKR,medium,2050,,,,,,
UKR,medium,2100,,,,,,
UKR,optimistic,2050,,,,,,
UKR,optimistic,2100,,,,,,
UKR,pessimistic,2050,,,,,,
UKR,pessimistic,2100,,,,,,
UMI,current,2020,,,,,,
UMI,medium,2050,,,,,,
UMI,medium,2100,,,,,,
UMI,optimistic,2050,,,,,,
UMI,optimistic,2100,,,,,,
UMI,pessimistic,2050,,,,,,
UMI,pessimistic,2100,,,,,,
URY,current,2020,,,,,,
URY,medium,2050,,,,,,
URY,medium,2100,,,,,,
URY,optimistic,2050,,,,,,
URY,optimistic,2100,,,,,,
URY,pessimistic,2050,,,,,,
URY,pessimistic,2100,,,,,,
USA,current,2020.0,28671.96812286348,68185.59981861713,229982.49618998985,388886.912313771,519963.7591311921,620058.5945313053
USA,medium,2050,110455.76896574782,247801.4198478457,432162.8713992627,664836.3389978968,879057.4802207291,1054906.935071173
USA,medium,2100,255546.294008097,341566.17638888804,868826.5125299285,1570753.0447378363,3162573.2745260163,5541758.675222234
USA,optimistic,2050,110599.34936471363,212130.83248378275,457843.14300916926,746410.9371413798,1272117.7984128324,1722520.5600706767
USA,optimistic,2100,158494.6555190661,302817.34998066607,545445.6341238596,1244706.4110206435,1882986.431134052,2968369.6316752494
USA,pessimistic,2050,126756.30276170466,276864.9342224947,453490.763912148,915800.6633263192,1389109.2767633726,1911732.9431103503
USA,pessimistic,2100,306418.4271779794,418096.9387720556,1311711.200921934,2415739.144942063,3610310.752680224,8083107.663585045
UZB,current,2020,,,,,,
UZB,medium,2050,,,,,,
UZB,medium,2100,,,,,,
UZB,optimistic,2050,,,,,,
UZB,optimistic,2100,,,,,,
UZB,pessimistic,2050,,,,,,
UZB,pessimistic,2100,,,,,,
VCT,current,2020.0,13.423900094036918,0.0,0.0,0.0,0.0,0.0
VCT,medium,2050,13.423900094036918,0.0,0.0,0.0,0.0,0.0
VCT,medium,2100,13.423900094036918,0.0,0.0,0.0,0.0,0.0
VCT,optimistic,2050,13.423900094036918,0.0,0.0,0.0,0.0,0.0
VCT,optimistic,2100,13.859619967763996,0.0,0.0,0.0,0.0,0.0
VCT,pessimistic,2050,14.502421147355818,0.0,0.0,0.0,0.0,0.0
VCT,pessimistic,2100,13.423900094036918,0.0,0.0,0.0,0.0,0.0
VEN,current,2020.0,344.8600766351464,0.0,0.0,0.0,197.1104947070226,14177.783962400015
VEN,medium,2050,413.1709145055854,0.0,0.0,0.0,197.1104947070226,15214.615865180063
VEN,medium,2100,382.2926714248535,0.0,0.0,0.0,197.1104947070226,14343.977632528891
VEN,optimistic,2050,434.442986392429,0.0,0.0,0.0,197.1104947070226,14177.783962400015
VEN,optimistic,2100,444.60964147480007,0.0,0.0,0.0,197.1104947070226,18400.67302963476
VEN,pessimistic,2050,568.9864203074015,0.0,0.0,0.0,197.1104947070226,23536.28194364071
VEN,pessimistic,2100,497.910078141192,0.0,0.0,0.0,197.1104947070226,17428.10232144252
VGB,current,2020.0,7.08392827535645,0.0,0.0,0.0,0.0,0.0
VGB,medium,2050,7.08392827535645,0.0,0.0,0.0,0.0,0.0
VGB,medium,2100,7.08392827535645,0.0,0.0,0.0,0.0,0.0
VGB,optimistic,2050,7.08392827535645,0.0,0.0,0.0,0.0,0.0
VGB,optimistic,2100,7.08392827535645,0.0,0.0,0.0,0.0,0.0
VGB,pessimistic,2050,7.08392827535645,0.0,0.0,0.0,0.0,0.0
VGB,pessimistic,2100,7.08392827535645,0.0,0.0,0.0,0.0,0.0
VIR,current,2020.0,0.0948161194210246,0.0,0.0,0.0,0.0,0.0
VIR,medium,2050,0.0948161194210246,0.0,0.0,0.0,0.0,0.0
VIR,medium,2100,0.0948161194210246,0.0,0.0,0.0,0.0,0.0
VIR,optimistic,2050,0.0948161194210246,0.0,0.0,0.0,0.0,0.0
VIR,optimistic,2100,0.0948161194210246,0.0,0.0,0.0,0.0,0.0
VIR,pessimistic,2050,0.0948161194210246,0.0,0.0,0.0,0.0,0.0
VIR,pessimistic,2100,0.0948161194210246,0.0,0.0,0.0,0.0,0.0
VNM,current,2020.0,5535.861262700939,0.0,0.0,0.0,102878.32773280476,402321.5631935551
VNM,medium,2050,80675.96366150152,0.0,77226.89106563985,589190.7864256101,949935.3663519612,6550262.986788035
VNM,medium,2100,86513.37284956024,74347.18230282757,824641.4191600458,1915522.071639582,2633703.1455120896,3024601.340825963
VNM,optimistic,2050,44978.278336242,5023.205927477411,123116.45220423448,877255.7370829559,2541357.7650726247,2265869.8170380853
VNM,optimistic,2100,68252.4954452893,3855.6338054072617,295161.8608722677,1198666.35771671,2322342.134869621,4092782.826109162
VNM,pessimistic,2050,109875.18738968125,62.07795066652952,200964.3602634257,1033876.6700316856,2311296.305084484,13190660.077418009
VNM,pessimistic,2100,204775.64794959105,210450.24117013332,1168642.4545681016,1828991.196852728,4278870.922852164,8872240.58890383
VUT,current,2020.0,9.033328336656586,0.0,0.0,0.0,0.0,0.0
VUT,medium,2050,43.43150498408252,0.0,0.0,0.0,1145.158832308094,2796.9957534217247
VUT,medium,2100,169.2881732175637,0.0,0.0,11.368508639729605,2848.298454356251,55.62059015288216
VUT,optimistic,2050,35.19972300495389,0.0,0.0,0.0,839.2353435383922,8699.877090643238
VUT,optimistic,2100,8.879017515034466,0.0,0.0,0.0,0.0,0.0
VUT,pessimistic,2050,134.7709887286388,0.0,0.0,1.42396154697951,2946.3799214843043,20479.562783360263
VUT,pessimistic,2100,19.89503941677443,0.0,0.0,0.0,0.0,1871.5327265982885
WLF,current,2020.0,0.0,0.0,0.0,0.0,0.0,0.0
WLF,medium,2050,0.0,0.0,0.0,0.0,0.0,0.0
WLF,medium,2100,0.0,0.0,0.0,0.0,0.0,0.0
WLF,optimistic,2050,0.0,0.0,0.0,0.0,0.0,0.0
WLF,optimistic,2100,0.0,0.0,0.0,0.0,0.0,0.0
WLF,pessimistic,2050,0.0,0.0,0.0,0.0,0.0,0.0
WLF,pessimistic,2100,0.0,0.0,0.0,0.0,0.0,0.0
WSM,current,2020.0,0.0145888703874032,0.0,0.0,0.0,0.0,0.0
WSM,medium,2050,10.892637008546004,0.0,0.0,0.0,0.0,0.0
WSM,medium,2100,0.0145888703874032,0.0,0.0,0.0,0.0,0.0
WSM,optimistic,2050,0.0145888703874032,0.0,0.0,0.0,0.0,0.0
WSM,optimistic,2100,31.244593456071023,0.0,0.0,0.0,0.0,0.0
WSM,pessimistic,2050,7.038455520417614,0.0,0.0,0.0,0.0,0.0
WSM,pessimistic,2100,1.0501721205381,0.0,0.0,0.0,0.0,0.0
XAD,current,2020,,,,,,
XAD,medium,2050,,,,,,
XAD,medium,2100,,,,,,
XAD,optimistic,2050,,,,,,
XAD,optimistic,2100,,,,,,
XAD,pessimistic,2050,,,,,,
XAD,pessimistic,2100,,,,,,
XKO,current,2020,,,,,,
XKO,medium,2050,,,,,,
XKO,medium,2100,,,,,,
XKO,optimistic,2050,,,,,,
XKO,optimistic,2100,,,,,,
XKO,pessimistic,2050,,,,,,
XKO,pessimistic,2100,,,,,,
YEM,current,2020.0,0.0,0.0,0.0,0.0,0.0,0.0
YEM,medium,2050,4.758598263284993,0.0,0.0,0.0,0.0,0.0
YEM,medium,2100,64.2176814963555,0.0,0.0,0.0,0.0,0.0
YEM,optimistic,2050,1.1166571398425045,0.0,0.0,0.0,0.0,0.0
YEM,optimistic,2100,30.949889564210743,0.0,0.0,0.0,0.0,0.0
YEM,pessimistic,2050,0.2363661039383089,0.0,0.0,0.0,0.0,0.0
YEM,pessimistic,2100,33.83670801631027,0.0,0.0,0.0,0.0,152.51291672021824
Z01,current,2020,,,,,,
Z01,medium,2050,,,,,,
Z01,medium,2100,,,,,,
Z01,optimistic,2050,,,,,,
Z01,optimistic,2100,,,,,,
Z01,pessimistic,2050,,,,,,
Z01,pessimistic,2100,,,,,,
Z02,current,2020,,,,,,
Z02,medium,2050,,,,,,
Z02,medium,2100,,,,,,
Z02,optimistic,2050,,,,,,
Z02,optimistic,2100,,,,,,
Z02,pessimistic,2050,,,,,,
Z02,pessimistic,2100,,,,,,
Z03,current,2020,,,,,,
Z03,medium,2050,,,,,,
Z03,medium,2100,,,,,,
Z03,optimistic,2050,,,,,,
Z03,optimistic,2100,,,,,,
Z03,pessimistic,2050,,,,,,
Z03,pessimistic,2100,,,,,,
Z04,current,2020,,,,,,
Z04,medium,2050,,,,,,
Z04,medium,2100,,,,,,
Z04,optimistic,2050,,,,,,
Z04,optimistic,2100,,,,,,
Z04,pessimistic,2050,,,,,,
Z04,pessimistic,2100,,,,,,
Z05,current,2020,,,,,,
Z05,medium,2050,,,,,,
Z05,medium,2100,,,,,,
Z05,optimistic,2050,,,,,,
Z05,optimistic,2100,,,,,,
Z05,pessimistic,2050,,,,,,
Z05,pessimistic,2100,,,,,,
Z06,current,2020,,,,,,
Z06,medium,2050,,,,,,
Z06,medium,2100,,,,,,
Z06,optimistic,2050,,,,,,
Z06,optimistic,2100,,,,,,
Z06,pessimistic,2050,,,,,,
Z06,pessimistic,2100,,,,,,
Z07,current,2020,,,,,,
Z07,medium,2050,,,,,,
Z07,medium,2100,,,,,,
Z07,optimistic,2050,,,,,,
Z07,optimistic,2100,,,,,,
Z07,pessimistic,2050,,,,,,
Z07,pessimistic,2100,,,,,,
Z08,current,2020,,,,,,
Z08,medium,2050,,,,,,
Z08,medium,2100,,,,,,
Z08,optimistic,2050,,,,,,
Z08,optimistic,2100,,,,,,
Z08,pessimistic,2050,,,,,,
Z08,pessimistic,2100,,,,,,
Z09,current,2020,,,,,,
Z09,medium,2050,,,,,,
Z09,medium,2100,,,,,,
Z09,optimistic,2050,,,,,,
Z09,optimistic,2100,,,,,,
Z09,pessimistic,2050,,,,,,
Z09,pessimistic,2100,,,,,,
ZAF,current,2020.0,0.0,0.0,0.0,0.0,0.0,0.0
ZAF,medium,2050,0.0,0.0,0.0,0.0,0.0,0.0
ZAF,medium,2100,0.0,0.0,0.0,0.0,0.0,0.0
ZAF,optimistic,2050,0.0,0.0,0.0,0.0,0.0,0.0
ZAF,optimistic,2100,0.0,0.0,0.0,0.0,0.0,0.0
ZAF,pessimistic,2050,0.0,0.0,0.0,0.0,0.0,0.0
ZAF,pessimistic,2100,0.0,0.0,0.0,0.0,0.0,0.0
ZMB,current,2020.0,0.0,0.0,0.0,0.0,0.0,0.0
ZMB,medium,2050,0.0,0.0,0.0,0.0,0.0,0.0
ZMB,medium,2100,0.0,0.0,0.0,0.0,0.0,0.0
ZMB,optimistic,2050,0.0,0.0,0.0,0.0,0.0,0.0
ZMB,optimistic,2100,0.0,0.0,0.0,0.0,0.0,0.0
ZMB,pessimistic,2050,0.0,0.0,0.0,0.0,0.0,0.0
ZMB,pessimistic,2100,0.0,0.0,0.0,0.0,0.0,0.0
ZNC,current,2020,,,,,,
ZNC,medium,2050,,,,,,
ZNC,medium,2100,,,,,,
ZNC,optimistic,2050,,,,,,
ZNC,optimistic,2100,,,,,,
ZNC,pessimistic,2050,,,,,,
ZNC,pessimistic,2100,,,,,,
ZWE,current,2020.0,0.0,0.0,0.0,0.0,0.0,0.0
ZWE,medium,2050,0.0,0.0,0.0,0.0,0.0,0.0
ZWE,medium,2100,0.0,0.0,0.0,0.0,0.0,0.0
ZWE,optimistic,2050,0.0,0.0,0.0,0.0,0.0,0.0
ZWE,optimistic,2100,0.0,0.0,0.0,0.0,0.0,0.0
ZWE,pessimistic,2050,0.0,0.0,0.0,0.0,0.0,0.0
ZWE,pessimistic,2100,0.0,0.0,0.0,0.0,0.0,0.0
